player_id,name,team,season,approximate_value
AlleJe01,Jeff Allen,kan,2018,4
BailAl00,Allen Bailey,kan,2018,7
BenjKe00,Kelvin Benjamin,kan,2018,0
BerrEr99,Eric Berry,kan,2018,0
ButkHa00,Harrison Butker,kan,2018,4
ColqDu20,Dustin Colquitt,kan,2018,2
ConlCh00,Chris Conley,kan,2018,4
DeveJo00,Jordan Devey,kan,2018,2
DietGe00,Gehrig Dieter,kan,2018,0
DuveLa00,Laurent Duvernay-Tardif,kan,2018,3
ElliAl01,Alex Ellis,kan,2018,0
ErviCa00,Cameron Erving,kan,2018,8
FishEr00,Eric Fisher,kan,2018,13
FordDe00,Dee Ford,kan,2018,8
FullKe00,Kendall Fuller,kan,2018,4
HamiJu00,Justin Hamilton,kan,2018,0
HarrDe03,Demetrius Harris,kan,2018,2
HennCh01,Chad Henne,kan,2018,0
HillTy00,Tyreek Hill,kan,2018,18
HitcAn00,Anthony Hitchens,kan,2018,6
HousJu00,Justin Houston,kan,2018,6
HuntKa00,Kareem Hunt,kan,2018,11
JenkJa01,Jarvis Jenkins,kan,2018,1
JoneCh09,Chris Jones,kan,2018,10
KelcTr00,Travis Kelce,kan,2018,14
KempMa00,Marcus Kemp,kan,2018,0
KpasTa00,Tanoh Kpassagnon,kan,2018,1
LucaJo00,Jordan Lucas,kan,2018,2
MahoPa00,Patrick Mahomes,kan,2018,22
MorsMi00,Mitch Morse,kan,2018,7
MurrEr00,Eric Murray,kan,2018,3
MurrJi00,Jimmy Murray,kan,2018,0
NelsSt01,Steven Nelson,kan,2018,5
NiemBe00,Ben Niemann,kan,2018,1
NnadDe00,Derrick Nnadi,kan,2018,4
ODanDo00,Dorian O'Daniel,kan,2018,2
OrchNa00,Nate Orchard,kan,2018,0
ParkRo01,Ron Parker,kan,2018,4
RaglRe00,Reggie Ragland,kan,2018,6
ReitAu00,Austin Reiter,kan,2018,3
RobiDe01,Demarcus Robinson,kan,2018,3
ScanOr99,Orlando Scandrick,kan,2018,2
SchwMi00,Mitchell Schwartz,kan,2018,19
ShawJo00,Josh Shaw,kan,2018,0
SherAn00,Anthony Sherman,kan,2018,1
SmitTe04,Terrance Smith,kan,2018,1
SmitTr04,Tremon Smith,kan,2018,1
SoreDa01,Daniel Sorensen,kan,2018,1
SpeaBr00,Breeland Speaks,kan,2018,3
ThomDe05,De'Anthony Thomas,kan,2018,0
WardCh01,Charvarius Ward,kan,2018,1
WareSp00,Spencer Ware,kan,2018,4
WatkSa00,Sammy Watkins,kan,2018,6
WattAr00,Armani Watts,kan,2018,0
WestCh01,Charcandrick West,kan,2018,0
WillDa05,Damien Williams,kan,2018,4
WillDa10,Darrel Williams,kan,2018,1
WillXa00,Xavier Williams,kan,2018,3
WincJa00,James Winchester,kan,2018,1
WyliAn00,Andrew Wylie,kan,2018,7
YeldDe00,Deon Yelder,kan,2018,0
ZombFr00,Frank Zombo,kan,2018,1
AnkoEl00,Eli Ankou,jax,2018,0
BellBl00,Blake Bell,jax,2018,0
BohaTo00,Tommy Bohanon,jax,2018,0
BordBr00,Breon Borders,jax,2018,0
BortBl00,Blake Bortles,jax,2018,6
BouyA.00,A.J. Bouye,jax,2018,5
BrowBl00,Blair Brown,jax,2018,1
BryaTa00,Taven Bryan,jax,2018,2
CampCa99,Calais Campbell,jax,2018,13
CannA.00,A.J. Cann,jax,2018,5
CharDJ00,DJ Chark,jax,2018,1
CharJa00,Jamaal Charles,jax,2018,0
ChurBa99,Barry Church,jax,2018,5
ColeKe00,Keelan Cole,jax,2018,3
CookLo00,Logan Cooke,jax,2018,2
DareMa00,Marcell Dareus,jax,2018,8
DaviCo02,Cody Davis,jax,2018,1
DelaDe00,Dee Delaney,jax,2018,0
DeLuNi00,Nick DeLuca,jax,2018,2
FlowEr00,Ereck Flowers,jax,2018,2
ForbKa00,Kai Forbath,jax,2018,0
FourLe00,Leonard Fournette,jax,2018,3
FowlDa00,Dante Fowler,jax,2018,1
GipsTa00,Tashaun Gipson,jax,2018,6
GranCo00,Corey Grant,jax,2018,1
GreeRa00,Rashad Greene,jax,2018,0
GrinDa00,David Grinnage,jax,2018,0
HarrRo02,Ronnie Harrison,jax,2018,4
HaydDJ00,D.J. Hayden,jax,2018,3
HernTr00,Tre Herndon,jax,2018,1
HydeCa00,Carlos Hyde,jax,2018,1
JackMy00,Myles Jack,jax,2018,10
JackMa02,Malik Jackson,jax,2018,6
JacoLe00,Leon Jacobs,jax,2018,2
JohnLy00,Lyndon Johnson,jax,2018,0
JoneAb00,Abry Jones,jax,2018,4
KessCo00,Cody Kessler,jax,2018,2
KoyaBe00,Ben Koyack,jax,2018,0
LambJo00,Josh Lambo,jax,2018,3
LindBr00,Brandon Linder,jax,2018,3
McCrLe01,Lerentee McCray,jax,2018,1
MeekQu00,Quenton Meeks,jax,2018,1
MickJa01,Jaydon Mickens,jax,2018,0
MoncDo00,Donte Moncrief,jax,2018,4
NgakYa00,Yannick Ngakoue,jax,2018,9
NorwAn01,Andrew Norwell,jax,2018,3
O'ShJa00,James O'Shaughnessy,jax,2018,1
OmamPa00,Patrick Omameh,jax,2018,2
OverMa00,Matt Overton,jax,2018,1
ParnJe00,Jermey Parnell,jax,2018,4
PatmTy00,Tyler Patmon,jax,2018,1
PaulNi00,Niles Paul,jax,2018,1
PaynDo00,Donald Payne,jax,2018,1
RamsJa00,Jalen Ramsey,jax,2018,10
ReavC.00,C.J. Reavis,jax,2018,0
ReedCh00,Chris Reed,jax,2018,1
RobiCa00,Cam Robinson,jax,2018,1
RobiCo00,Corey Robinson,jax,2018,1
SefeAu00,Austin Seferian-Jenkins,jax,2018,1
ShatTy00,Tyler Shatley,jax,2018,3
SmitTe01,Telvin Smith,jax,2018,10
SmooDa00,Dawuane Smoot,jax,2018,1
SpaiMa00,Martrell Spaight,jax,2018,0
TinkCa00,Carson Tinker,jax,2018,0
WalkJo00,Josh Walker,jax,2018,1
WellJo02,Josh Wells,jax,2018,2
WestDe00,Dede Westbrook,jax,2018,6
WildBr01,Brandon Wilds,jax,2018,0
WillDa011,David Williams,jax,2018,0
WilsJa00,Jarrod Wilson,jax,2018,2
YeldT.00,T.J. Yeldon,jax,2018,5
AdamMi21,Mike Adams,car,2018,6
AddiMa00,Mario Addison,car,2018,7
AlleKy00,Kyle Allen,car,2018,1
AndeC.00,C.J. Anderson,car,2018,1
ArmaAl00,Alex Armah,car,2018,0
ArtiCa00,Cameron Artis-Payne,car,2018,1
BarnKe00,Kenjon Barner,car,2018,0
BradJa00,James Bradberry,car,2018,5
ButlVe00,Vernon Butler,car,2018,1
ByrdDa00,Damiere Byrd,car,2018,0
CadeTr00,Travaris Cadet,car,2018,0
CartJe00,Jermaine Carter Jr.,car,2018,1
CataCh00,Chandler Catanzaro,car,2018,1
ClarCh21,Chris Clark,car,2018,7
CoxxBr01,Bryan Cox Jr.,car,2018,1
DaviTh20,Thomas Davis,car,2018,5
DossLo00,Lorenzo Doss,car,2018,0
EldeCo00,Corn Elder,car,2018,1
FrazMo00,Mose Frazier,car,2018,0
FuncDe00,Devin Funchess,car,2018,5
GanoGr44,Graham Gano,car,2018,3
GaulRa00,Rashaan Gaulden,car,2018,1
GilbGa01,Garrett Gilbert,car,2018,0
HawkJo00,Josh Hawkins,car,2018,0
HaynMa01,Marquis Haynes,car,2018,0
HearTa00,Taylor Hearn,car,2018,0
HeinTa00,Taylor Heinicke,car,2018,1
HortWe00,Wes Horton,car,2018,4
JackDo02,Donte Jackson,car,2018,6
JacoBe00,Ben Jacobs,car,2018,1
JansJ.00,J.J. Jansen,car,2018,2
JoneCo01,Colin Jones,car,2018,2
KaliRy20,Ryan Kalil,car,2018,8
KuecLu00,Luke Kuechly,car,2018,14
LarsTy00,Tyler Larsen,car,2018,3
LoveKy00,Kyle Love,car,2018,2
MahoBr00,Brendan Mahon,car,2018,0
ManhCh00,Chris Manhertz,car,2018,0
MayoDa00,David Mayo,car,2018,2
McCaCh01,Christian McCaffrey,car,2018,16
MoorD.00,D.J. Moore,car,2018,8
MotoTa00,Taylor Moton,car,2018,8
MunnCa99,Captain Munnerlyn,car,2018,3
NewhMa20,Marshall Newhouse,car,2018,2
NewtCa00,Cam Newton,car,2018,14
NorrJa00,Jared Norris,car,2018,0
ObadEf00,Efe Obada,car,2018,1
OlseGr00,Greg Olsen,car,2018,3
PalaMi00,Michael Palardy,car,2018,2
PeppJu99,Julius Peppers,car,2018,4
PoexDo00,Dontari Poe,car,2018,6
ReidEr00,Eric Reid,car,2018,4
RobiCo00,Corey Robinson,car,2018,0
SamuCu00,Curtis Samuel,car,2018,5
SearDa00,Da'Norris Searcy,car,2018,1
ShorKa00,Kawann Short,car,2018,8
SilaAm00,Amini Silatolu,car,2018,1
SmitAn04,Andre Smith,car,2018,0
SmitTo02,Torrey Smith,car,2018,2
ThomIa00,Ian Thomas,car,2018,3
ThomSh01,Shaq Thompson,car,2018,5
TurnTr01,Trai Turner,car,2018,9
VanRGr00,Greg Van Roten,car,2018,8
WillDa06,Daryl Williams,car,2018,1
WrigJa02,Jarius Wright,car,2018,4
AlleJa01,Javorius Allen,rav,2018,2
AndrMa00,Mark Andrews,rav,2018,5
AverAn00,Anthony Averett,rav,2018,1
BoarCh00,Chris Board,rav,2018,1
BowsTy00,Tyus Bowser,rav,2018,1
BoylNi00,Nick Boyle,rav,2018,2
BozeBr00,Bradley Bozeman,rav,2018,2
BrowJo02,John Brown,rav,2018,6
BrowOr00,Orlando Brown Jr.,rav,2018,6
CanaMa00,Maurice Canady,rav,2018,0
CarrBr99,Brandon Carr,rav,2018,7
ClarCh00,Chuck Clark,rav,2018,2
CollAl00,Alex Collins,rav,2018,3
CoxxMo00,Morgan Cox,rav,2018,1
CrabMi00,Michael Crabtree,rav,2018,5
DaniRo01,Robertson Daniel,rav,2018,0
DixoKe00,Kenneth Dixon,rav,2018,2
EdwaGu00,Gus Edwards,rav,2018,4
ElueJe00,Jermaine Eluemunor,rav,2018,1
FlacJo00,Joe Flacco,rav,2018,7
GranJa01,Janarion Grant,rav,2018,0
GrasHr00,Hroniss Grasu,rav,2018,1
GrifRo01,Robert Griffin III,rav,2018,0
HenrWi00,Willie Henry,rav,2018,0
HumpMa00,Marlon Humphrey,rav,2018,4
HursHa00,Hayden Hurst,rav,2018,1
HursJa00,James Hurst,rav,2018,5
JackLa00,Lamar Jackson,rav,2018,8
JeffTo00,Tony Jefferson,rav,2018,6
JoneCy00,Cyrus Jones,rav,2018,2
JudoMa00,Matt Judon,rav,2018,6
KochSa20,Sam Koch,rav,2018,3
LeviAn00,Anthony Levine,rav,2018,1
LewiAl01,Alex Lewis,rav,2018,5
McClAl00,Albert McClellan,rav,2018,1
MontTy01,Ty Montgomery,rav,2018,1
MoorCh00,Chris Moore,rav,2018,2
MoslC.00,C.J. Mosley,rav,2018,15
OnwuPa00,Patrick Onwuasor,rav,2018,8
PierMi00,Michael Pierce,rav,2018,3
RicaPa00,Patrick Ricard,rav,2018,2
SielZa00,Zach Sieler,rav,2018,0
SkurMa01,Matt Skura,rav,2018,8
SmitJi03,Jimmy Smith,rav,2018,5
SmitZa00,Za'Darius Smith,rav,2018,6
SneaWi00,Willie Snead,rav,2018,6
StanRo00,Ronnie Stanley,rav,2018,8
SuggTe99,Terrell Suggs,rav,2018,10
TuckJu00,Justin Tucker,rav,2018,4
TurnDe01,De'Lance Turner,rav,2018,0
UrbaBr00,Brent Urban,rav,2018,9
WeddEr99,Eric Weddle,rav,2018,9
WhitTi00,Tim White,rav,2018,0
WillBr02,Brandon Williams,rav,2018,12
WillDa09,Darious Williams,rav,2018,0
WillMa04,Maxx Williams,rav,2018,1
WillTi00,Tim Williams,rav,2018,1
WormCh00,Chris Wormley,rav,2018,4
YandMa20,Marshal Yanda,rav,2018,13
YounKe03,Kenny Young,rav,2018,4
YounTa01,Tavon Young,rav,2018,5
AlexLo99,Lorenzo Alexander,buf,2018,7
AlleJo02,Josh Allen,buf,2018,6
AndeDe00,Derek Anderson,buf,2018,1
BarkMa00,Matt Barkley,buf,2018,1
BenjKe00,Kelvin Benjamin,buf,2018,2
BodiRu00,Russell Bodine,buf,2018,3
BoetIk00,Ike Boettger,buf,2018,0
BojoCo00,Corey Bojorquez,buf,2018,1
BoldVi00,Victor Bolden,buf,2018,0
BushRa00,Rafael Bush,buf,2018,3
ClayCh00,Charles Clay,buf,2018,1
CrooJa00,Jason Croom,buf,2018,2
DarrMa00,Matt Darr,buf,2018,0
DaviVo99,Vontae Davis,buf,2018,0
DawkDi00,Dion Dawkins,buf,2018,5
DiMaPa00,Patrick DiMarco,buf,2018,0
DucaVl20,Vlad Ducasse,buf,2018,3
EdmuTr01,Tremaine Edmunds,buf,2018,9
FergRe00,Reid Ferguson,buf,2018,1
FordKe00,Keith Ford,buf,2018,1
FostRo01,Robert Foster,buf,2018,4
GainPh00,Phillip Gaines,buf,2018,2
GroyRy00,Ryan Groy,buf,2018,3
HausSt00,Stephen Hauschka,buf,2018,3
HolmAn00,Andre Holmes,buf,2018,1
HughJe99,Jerry Hughes,buf,2018,9
HumbRa00,Ramon Humber,buf,2018,1
HydeMi00,Micah Hyde,buf,2018,7
IvorCh00,Chris Ivory,buf,2018,3
JohnDo02,Dontae Johnson,buf,2018,0
JohnTa01,Taron Johnson,buf,2018,2
JoneTa00,Taiwan Jones,buf,2018,0
JoneZa00,Zay Jones,buf,2018,5
KerlJe00,Jeremy Kerley,buf,2018,0
LaceDe00,Deon Lacey,buf,2018,1
LawsSh00,Shaq Lawson,buf,2018,4
LeexKh00,Khari Lee,buf,2018,0
LewiRy01,Ryan Lewis,buf,2018,1
LotuSt00,Star Lotulelei,buf,2018,7
LoveMi00,Mike Love,buf,2018,0
MarlDe00,Dean Marlowe,buf,2018,0
McClRa00,Ray-Ray McCloud,buf,2018,0
McCoLe01,LeSean McCoy,buf,2018,4
McDeCo00,Conor McDermott,buf,2018,0
McKeIs00,Isaiah McKenzie,buf,2018,2
MilaMa00,Matt Milano,buf,2018,9
MillJo04,John Miller,buf,2018,5
MillJo02,Jordan Mills,buf,2018,5
MurpMa03,Marcus Murphy,buf,2018,1
MurpTr00,Trent Murphy,buf,2018,6
NealSi00,Siran Neal,buf,2018,1
NewhMa20,Marshall Newhouse,buf,2018,0
OrchNa00,Nate Orchard,buf,2018,0
PeteNa00,Nathan Peterman,buf,2018,1
PhilCa01,Cam Phillips,buf,2018,0
PhilHa00,Harrison Phillips,buf,2018,2
PhilJo01,Jordan Phillips,buf,2018,2
PittLa00,Lafayette Pitts,buf,2018,1
PoyeJo00,Jordan Poyer,buf,2018,8
PryoTe00,Terrelle Pryor,buf,2018,0
RiceDe00,Denzel Rice,buf,2018,0
SchmCo00,Colton Schmidt,buf,2018,0
ScotDa02,Da'Mari Scott,buf,2018,0
SirlJe00,Jeremiah Sirles,buf,2018,2
StanJu00,Julian Stanford,buf,2018,2
TellWy00,Wyatt Teller,buf,2018,2
ThomLo00,Logan Thomas,buf,2018,1
ThomRo04,Robert Thomas,buf,2018,0
ThomCo02,Corey Thompson,buf,2018,1
ThomDe04,Deonte Thompson,buf,2018,0
WallLe00,Levi Wallace,buf,2018,3
WashAd00,Adolphus Washington,buf,2018,0
WhitTr01,Tre'Davious White,buf,2018,7
WillKy20,Kyle Williams,buf,2018,12
YarbEd01,Eddie Yarbrough,buf,2018,2
AbduAm00,Ameer Abdullah,min,2018,0
AlexMa01,Mackensie Alexander,min,2018,3
BailDa00,Dan Bailey,min,2018,1
BarrAn00,Anthony Barr,min,2018,9
BeebCh00,Chad Beebe,min,2018,0
BoonMi00,Mike Boone,min,2018,0
BoweTa00,Tashawn Bower,min,2018,0
BrotKe00,Kentrell Brothers,min,2018,1
CarlDa00,Daniel Carlson,min,2018,-1
ColeSt00,Stacy Coley,min,2018,0
CompTo00,Tom Compton,min,2018,6
ConkTy00,Tyler Conklin,min,2018,1
CookDa01,Dalvin Cook,min,2018,6
CousKi00,Kirk Cousins,min,2018,12
DiggSt00,Stefon Diggs,min,2018,8
DownDe00,Devante Downs,min,2018,1
ElflPa00,Pat Elflein,min,2018,6
GedeBe00,Ben Gedeon,min,2018,5
GrifEv99,Everson Griffen,min,2018,6
HamxC.00,C.J. Ham,min,2018,1
HarrAn01,Anthony Harris,min,2018,4
HillHo00,Holton Hill,min,2018,2
HillRa01,Rashod Hill,min,2018,4
HolmJa01,Jalyn Holmes,min,2018,1
HughMi00,Mike Hughes,min,2018,2
HuntDa01,Danielle Hunter,min,2018,17
IlokGe00,George Iloka,min,2018,2
IsidDa00,Danny Isidora,min,2018,2
JameCr01,Craig James,min,2018,0
JohnJa09,Jaleel Johnson,min,2018,2
JohnTo01,Tom Johnson,min,2018,3
JoneBr04,Brett Jones,min,2018,2
JoseLi99,Linval Joseph,min,2018,9
KearJa00,Jayron Kearse,min,2018,1
KendEr00,Eric Kendricks,min,2018,8
McDeKe00,Kevin McDermott,min,2018,1
MorgDa01,David Morgan,min,2018,0
MurrLa00,Latavius Murray,min,2018,5
NortSt00,Storm Norton,min,2018,0
ONeiBr00,Brian O'Neill,min,2018,5
ParrDa00,David Parry,min,2018,0
ReifRi00,Riley Reiff,min,2018,6
RemmMi00,Mike Remmers,min,2018,7
RhodXa00,Xavier Rhodes,min,2018,5
RichSh00,Sheldon Richardson,min,2018,9
RobiAl00,Aldrick Robinson,min,2018,2
RudoKy00,Kyle Rudolph,min,2018,5
SendAn00,Andrew Sendejo,min,2018,2
SherMa20,Marcus Sherels,min,2018,1
SmitHa00,Harrison Smith,min,2018,11
ThieAd00,Adam Thielen,min,2018,11
ThomRo05,Roc Thomas,min,2018,0
TreaLa00,Laquon Treadwell,min,2018,2
WaynTr00,Trae Waynes,min,2018,5
WeatSt00,Stephen Weatherly,min,2018,5
WileMa01,Matt Wile,min,2018,2
WilsEr00,Eric Wilson,min,2018,3
ZylsBr00,Brandon Zylstra,min,2018,0
AbduAm00,Ameer Abdullah,det,2018,0
AgneJa00,Jamal Agnew,det,2018,1
AnsaEz00,Ezekiel Ansah,det,2018,2
AtkiJo01,John Atkins,det,2018,0
BateTr00,Trevor Bates,det,2018,1
BellNi01,Nick Bellore,det,2018,0
BlouLe00,LeGarrette Blount,det,2018,3
CareDo00,Don Carey,det,2018,0
CassMa00,Matt Cassel,det,2018,0
CoopMa00,Marcus Cooper,det,2018,0
CrosTy00,Tyrell Crosby,det,2018,2
CunnJe00,Jerome Cunningham,det,2018,0
DahlJo00,Joe Dahl,det,2018,1
DaviJa01,Jarrad Davis,det,2018,8
DeckTa00,Taylor Decker,det,2018,7
DiggQu00,Quandre Diggs,det,2018,6
DonnAn00,Andrew Donnal,det,2018,0
ElliBr00,Bruce Ellington,det,2018,1
FlowMa00,Marquis Flowers,det,2018,0
FordMi01,Mike Ford,det,2018,2
GlasGr00,Graham Glasgow,det,2018,7
GollKe00,Kenny Golladay,det,2018,8
GrigNi01,Nicholas Grigsby,det,2018,0
HandDa00,Da'Shawn Hand,det,2018,5
HaroEl00,Eli Harold,det,2018,1
HarrDa03,Damon Harrison,det,2018,6
HydeKe01,Kerry Hyder,det,2018,1
JeanRi99,Ricky Jean-Francois,det,2018,5
JohnKe06,Kerryon Johnson,det,2018,5
JoneAn01,Andy Jones,det,2018,1
JoneCh05,Christian Jones,det,2018,7
JoneMa02,Marvin Jones,det,2018,4
JoneT.00,T.J. Jones,det,2018,1
KennDe00,Devon Kennard,det,2018,7
KillMi00,Miles Killebrew,det,2018,1
LacyCh00,Chris Lacy,det,2018,0
LangT.20,T.J. Lang,det,2018,3
LawsNe00,Nevin Lawson,det,2018,5
LeBlCr01,Cre'von LeBlanc,det,2018,0
LeexEr00,Eric Lee,det,2018,1
MarqBr00,Bradley Marquez,det,2018,0
MartSa01,Sam Martin,det,2018,2
MuhlDo20,Don Muhlbach,det,2018,4
OkwaRo01,Romeo Okwara,det,2018,7
PipkLe00,Lenzy Pipkins,det,2018,0
PoweBr00,Brandon Powell,det,2018,1
PratMa20,Matt Prater,det,2018,4
QuinGl99,Glover Quin,det,2018,6
RagnFr00,Frank Ragnow,det,2018,7
ReevJa00,Jalen Reeves-Maybin,det,2018,1
RiddTh00,Theo Riddick,det,2018,4
RobeMi01,Michael Roberts,det,2018,1
RobiAS00,A'Shawn Robinson,det,2018,5
SheaDe00,DeShawn Shead,det,2018,1
ShepKe00,Kelvin Sheppard,det,2018,1
SlayDa00,Darius Slay,det,2018,9
StafMa00,Matthew Stafford,det,2018,10
TaboTe00,Teez Tabor,det,2018,2
TateGo00,Golden Tate,det,2018,4
ToilLe00,Levine Toilolo,det,2018,2
VallHa00,Hakeem Valles,det,2018,0
VirgDe00,Dee Virgin,det,2018,0
WagnRi00,Ricky Wagner,det,2018,7
WalkTr01,Tracy Walker,det,2018,1
WashCh01,Charles Washington,det,2018,1
WiggKe00,Kenny Wiggins,det,2018,5
WillSy00,Sylvester Williams,det,2018,2
WillLu00,Luke Willson,det,2018,1
WilsTa00,Tavon Wilson,det,2018,2
ZennZa00,Zach Zenner,det,2018,2
AlfoRo00,Robert Alford,atl,2018,4
AlleRi00,Ricardo Allen,atl,2018,1
BeadZa20,Zane Beadles,atl,2018,3
BeasVi00,Vic Beasley,atl,2018,4
BennMi01,Michael Bennett,atl,2018,0
BethJu00,Justin Bethel,atl,2018,1
BoshMa00,Matthew Bosher,atl,2018,2
bryanmat01,Matt Bryant,atl,2018,4
BurtDe00,Deante Burton,atl,2018,0
CampDe00,De'Vondre Campbell,atl,2018,5
CartBr00,Bruce Carter,atl,2018,1
ColeTe01,Tevin Coleman,atl,2018,8
CondJo20,Jon Condo,atl,2018,0
CrawJa00,Jack Crawford,atl,2018,5
FreeDe00,Devonta Freeman,atl,2018,1
FuscBr00,Brandon Fusco,atl,2018,4
GageRu00,Russell Gage,atl,2018,1
GarlBe00,Ben Garland,atl,2018,3
HallMa02,Marvin Hall,atl,2018,1
HardJu00,Justin Hardy,atl,2018,1
HarrJo02,Josh Harris,atl,2018,1
HillBr02,Brian Hill,atl,2018,1
HoopAu00,Austin Hooper,atl,2018,6
IrviBr00,Bruce Irvin,atl,2018,2
IshmKe00,Kemal Ishmael,atl,2018,1
JarrGr00,Grady Jarrett,atl,2018,5
JarvRi00,Richard Jarvis,atl,2018,0
JoneDe01,Deion Jones,atl,2018,3
JoneJu02,Julio Jones,atl,2018,14
KazeDa00,Damontae Kazee,atl,2018,6
LangJe00,Jeremy Langford,atl,2018,0
LeviAn20,Andy Levitre,atl,2018,1
MackAl20,Alex Mack,atl,2018,12
MattJa00,Jake Matthews,atl,2018,12
McClTe00,Terrell McClain,atl,2018,2
McKiTa00,Takkarist McKinley,atl,2018,4
MeanSt00,Steven Means,atl,2018,2
NealKe01,Keanu Neal,atl,2018,0
NealRy00,Ryan Neal,atl,2018,0
NeasSh00,Sharrod Neasman,atl,2018,1
NelsCo00,Corey Nelson,atl,2018,0
OlivIs00,Isaiah Oliver,atl,2018,1
OluoFo00,Foyesade Oluokun,atl,2018,3
OrtiRi00,Ricky Ortiz,atl,2018,0
OverJe00,Jeff Overbaugh,atl,2018,0
PaulLo00,Logan Paulsen,atl,2018,1
PoolBr01,Brian Poole,atl,2018,9
ReedBr00,Brooks Reed,atl,2018,3
RichJo00,Jordan Richards,atl,2018,4
RidlCa00,Calvin Ridley,atl,2018,7
RileDu00,Duke Riley,atl,2018,4
RyanMa00,Matt Ryan,atl,2018,16
SambTy00,Ty Sambrailo,atl,2018,4
SanuMo00,Mohamed Sanu,atl,2018,7
SaubEr00,Eric Saubert,atl,2018,0
SchaMa00,Matt Schaub,atl,2018,0
SchrRy00,Ryan Schraeder,atl,2018,7
SchwWe00,Wes Schweitzer,atl,2018,7
SenaDe00,Deadrin Senat,atl,2018,2
ShelDe00,Derrick Shelby,atl,2018,1
SmitIt00,Ito Smith,atl,2018,3
TandKe00,Keith Tandy,atl,2018,0
TaveGi00,Giorgio Tavecchio,atl,2018,1
TrufDe00,Desmond Trufant,atl,2018,5
WrehBl00,Blidi Wreh-Wilson,atl,2018,0
ZimmJu00,Justin Zimmer,atl,2018,0
AlleDw00,Dwayne Allen,nwe,2018,0
AlleRy01,Ryan Allen,nwe,2018,2
AndrDa00,David Andrews,nwe,2018,9
BarnKe00,Kenjon Barner,nwe,2018,0
BentJa00,Ja'Whaun Bentley,nwe,2018,1
BradTo00,Tom Brady,nwe,2018,14
BrowMa01,Malcom Brown,nwe,2018,7
BrowTr02,Trent Brown,nwe,2018,9
BurkRe00,Rex Burkhead,nwe,2018,2
ButlAd00,Adam Butler,nwe,2018,2
CannMa00,Marcus Cannon,nwe,2018,7
CardJo00,Joe Cardona,nwe,2018,1
ChunPa99,Patrick Chung,nwe,2018,5
ClayAd00,Adrian Clayborn,nwe,2018,2
CrosKe00,Keion Crossen,nwe,2018,1
CrosCo00,Cole Croston,nwe,2018,0
DaviKe03,Keionta Davis,nwe,2018,2
DeveJa00,James Develin,nwe,2018,1
DorsPh00,Phillip Dorsett,nwe,2018,3
EbneNa00,Nate Ebner,nwe,2018,1
EdelJu00,Julian Edelman,nwe,2018,9
FereJa00,James Ferentz,nwe,2018,0
FlowTr00,Trey Flowers,nwe,2018,9
GilmSt00,Stephon Gilmore,nwe,2018,15
GordJo02,Josh Gordon,nwe,2018,7
GostSt20,Stephen Gostkowski,nwe,2018,3
GrigNi01,Nicholas Grigsby,nwe,2018,1
GrisGe00,Geneo Grissom,nwe,2018,0
GronRo00,Rob Gronkowski,nwe,2018,6
GuyxLa00,Lawrence Guy,nwe,2018,8
HarmDu00,Duron Harmon,nwe,2018,4
HighDo01,Dont'a Hightower,nwe,2018,8
HillJe01,Jeremy Hill,nwe,2018,0
HogaCh00,Chris Hogan,nwe,2018,5
HollJa03,Jacob Hollister,nwe,2018,0
HoyeBr00,Brian Hoyer,nwe,2018,0
HumbRa00,Ramon Humber,nwe,2018,0
JackJ.00,J.C. Jackson,nwe,2018,3
JoneCy00,Cyrus Jones,nwe,2018,0
JoneJo03,Jonathan Jones,nwe,2018,3
KamaUf00,Ufomba Kamalu,nwe,2018,0
KarrTe00,Ted Karras,nwe,2018,2
KingBr02,Brandon King,nwe,2018,2
MasoSh01,Shaq Mason,nwe,2018,7
McCaRi00,Riley McCarron,nwe,2018,0
McClAl00,Albert McClellan,nwe,2018,1
McCoDe99,Devin McCourty,nwe,2018,6
McCoJa99,Jason McCourty,nwe,2018,4
MeliOb00,Obi Melifonwu,nwe,2018,0
MichSo00,Sony Michel,nwe,2018,7
PattCo00,Cordarrelle Patterson,nwe,2018,5
RiveDe00,Derek Rivers,nwe,2018,1
RobeEl00,Elandon Roberts,nwe,2018,6
RoweEr00,Eric Rowe,nwe,2018,1
SchwBr00,Brian Schwenke,nwe,2018,0
ShelDa01,Danny Shelton,nwe,2018,2
SimoJo01,John Simon,nwe,2018,2
SlatMa00,Matthew Slater,nwe,2018,0
ThunJo00,Joe Thuney,nwe,2018,9
VanNKy00,Kyle Van Noy,nwe,2018,10
WaddLa01,LaAdrian Waddle,nwe,2018,3
WhitJa02,James White,nwe,2018,10
WiseDe00,Deatrich Wise Jr.,nwe,2018,4
AlexAd00,Adonis Alexander,was,2018,1
AlleJo01,Jonathan Allen,was,2018,8
AndeRy00,Ryan Anderson,was,2018,1
ApkeTr00,Troy Apke,was,2018,0
BergTo00,Tony Bergstrom,was,2018,4
BibbKa00,Kapri Bibbs,was,2018,1
BowaLu00,Luke Bowanko,was,2018,2
BranCa00,Caleb Brantley,was,2018,0
BrowZa00,Zach Brown,was,2018,6
CartAl01,Alex Carter,was,2018,0
ChesJe00,Jehu Chesson,was,2018,0
ChriGe01,Geron Christian,was,2018,0
ClinHa00,Ha Ha Clinton-Dix,was,2018,3
CoopJo01,Jonathan Cooper,was,2018,2
CrowJa00,Jamison Crowder,was,2018,3
DaviVe00,Vernon Davis,was,2018,3
DoctJo00,Josh Doctson,was,2018,4
DunbQu00,Quinton Dunbar,was,2018,3
DunnCa00,Casey Dunn,was,2018,0
EastAn01,Andrew East,was,2018,0
EverDe01,Deshazor Everett,was,2018,2
FlanMa00,Matt Flanagan,was,2018,0
FloyMi00,Michael Floyd,was,2018,1
FostMa00,Mason Foster,was,2018,9
FullKy01,Kyle Fuller,was,2018,0
DionSh00,Shaun Dion Hamilton,was,2018,3
HarrMa05,Maurice Harris,was,2018,2
HarvJo01,Josh Harvey-Clemons,was,2018,2
HolsJo01,Joshua Holsey,was,2018,0
HoodEv99,Evander Hood,was,2018,0
HopkDu00,Dustin Hopkins,was,2018,5
HowaAu20,Austin Howard,was,2018,1
IoanMa01,Matthew Ioannidis,was,2018,5
JohnDa09,Danny Johnson,was,2018,1
JohnJo05,Josh Johnson,was,2018,2
KellRo00,Robert Kelley,was,2018,0
KeriZa00,Zac Kerin,was,2018,0
KerrRy00,Ryan Kerrigan,was,2018,10
KidsDa00,Darvin Kidsy,was,2018,0
LadlKe00,Kenny Ladler,was,2018,0
LauvSh20,Shawn Lauvao,was,2018,2
MarsBy01,Byron Marshall,was,2018,0
McCoCo00,Colt McCoy,was,2018,1
McGeSt01,Stacy McGee,was,2018,1
McKiCa01,Cassanova McKinzy,was,2018,0
McPhPe00,Pernell McPhee,was,2018,1
MillHa00,Harlan Miller,was,2018,0
MoreFa00,Fabian Moreau,was,2018,4
MoseMo00,Morgan Moses,was,2018,7
NichMo00,Montae Nicholson,was,2018,3
NormJo01,Josh Norman,was,2018,6
NsekTy00,Ty Nsekhe,was,2018,3
ParrTi00,Timon Parris,was,2018,0
PaynDa00,Daron Payne,was,2018,8
PeriSa00,Samaje Perine,was,2018,0
PeteAd01,Adrian Peterson,was,2018,7
QuicBr00,Brian Quick,was,2018,0
QuinTr00,Trey Quinn,was,2018,1
ReavJe00,Jeremy Reaves,was,2018,0
ReedJo02,Jordan Reed,was,2018,4
RichPa01,Paul Richardson,was,2018,2
RoulCh00,Chase Roullier,was,2018,7
SancMa00,Mark Sanchez,was,2018,0
ScheBr00,Brandon Scherff,was,2018,3
SettTi00,Tim Settle,was,2018,1
SimsCa00,Cam Sims,was,2018,0
SmitAl03,Alex Smith,was,2018,6
SmitMa03,Marcus Smith,was,2018,0
SmitPr00,Preston Smith,was,2018,8
SpriJe00,Jeremy Sprinkle,was,2018,0
StroGr00,Greg Stroman,was,2018,2
SundNi00,Nick Sundberg,was,2018,1
SweaDJ00,D.J. Swearinger,was,2018,6
ThomCh03,Chris Thompson,was,2018,3
VigiZa00,Zach Vigil,was,2018,1
WayxTr00,Tress Way,was,2018,2
WillTr21,Trent Williams,was,2018,7
AtkiGe99,Geno Atkins,cin,2018,8
BateJe00,Jessie Bates III,cin,2018,5
BellBr01,Brandon Bell,cin,2018,0
BernGi00,Giovani Bernard,cin,2018,3
BillAn00,Andrew Billings,cin,2018,6
BoliCl00,Clint Boling,cin,2018,8
BoydTy00,Tyler Boyd,cin,2018,10
BrowPr00,Preston Brown,cin,2018,3
BullRa00,Randy Bullock,cin,2018,3
BurfVo00,Vontaze Burfict,cin,2018,2
CarsTr01,Tra Carson,cin,2018,0
CoreCo00,Cody Core,cin,2018,1
DaltAn00,Andy Dalton,cin,2018,9
DennDa00,Darqueze Dennard,cin,2018,3
DrisJe00,Jeff Driskel,cin,2018,2
DunlCa99,Carlos Dunlap,cin,2018,6
EdebKa00,Kasim Edebali,cin,2018,0
EifeTy00,Tyler Eifert,cin,2018,2
EricAl01,Alex Erickson,cin,2018,2
EvanJo01,Jordan Evans,cin,2018,3
FejeCl00,Clayton Fejedelem,cin,2018,1
FishJa00,Jake Fisher,cin,2018,1
FranJo03,Jordan Franks,cin,2018,0
GlasRy00,Ryan Glasgow,cin,2018,0
GlenCo00,Cordy Glenn,cin,2018,7
GreeA.00,A.J. Green,cin,2018,6
HarrCl20,Clark Harris,cin,2018,1
HarrDa05,Davontae Harris,cin,2018,0
HartBo00,Bobby Hart,cin,2018,8
HopkTr01,Trey Hopkins,cin,2018,5
HubbSa00,Sam Hubbard,cin,2018,2
HubeKe20,Kevin Huber,cin,2018,2
JackWi02,William Jackson III,cin,2018,4
JeffMa00,Malik Jefferson,cin,2018,1
JohnMi98,Michael Johnson,cin,2018,6
KirkDr00,Dre Kirkpatrick,cin,2018,3
KrofTy00,Tyler Kroft,cin,2018,0
LawsCa00,Carl Lawson,cin,2018,1
LengMa00,Matt Lengel,cin,2018,0
MaloJo00,Josh Malone,cin,2018,0
McRaTo00,Tony McRae,cin,2018,1
MixoJo00,Joe Mixon,cin,2018,11
NickHa02,Hardy Nickerson,cin,2018,3
OgbuCe00,Cedric Ogbuehi,cin,2018,0
PhilDa02,Darius Phillips,cin,2018,1
PricBi01,Billy Price,cin,2018,5
RawlTh00,Thomas Rawls,cin,2018,0
RedmAl01,Alex Redmond,cin,2018,8
ReyxVi00,Vincent Rey,cin,2018,1
RingCh00,Christian Ringo,cin,2018,1
RossJo00,John Ross,cin,2018,2
RussKe00,KeiVarae Russell,cin,2018,1
SchrMa00,Mason Schreck,cin,2018,0
ScotNi00,Niles Scott,cin,2018,0
SmitAn23,Andre Smith,cin,2018,0
TateAu00,Auden Tate,cin,2018,0
TupoJo00,Josh Tupou,cin,2018,0
UzomC.00,C.J. Uzomah,cin,2018,4
VigiNi00,Nick Vigil,cin,2018,4
WaltMa00,Mark Walton,cin,2018,1
WashAd00,Adolphus Washington,cin,2018,0
WestCh02,Christian Westerman,cin,2018,1
WillSh02,Shawn Williams,cin,2018,5
WillJo09,Jordan Willis,cin,2018,2
WilsBr01,Brandon Wilson,cin,2018,1
WorlCh00,Chris Worley,cin,2018,0
AnzaAl00,Alex Anzalone,nor,2018,4
ApplEl00,Eli Apple,nor,2018,4
ArmsTe00,Terron Armstead,nor,2018,10
ArnoDa00,Dan Arnold,nor,2018,2
BanjCh00,Chris Banjo,nor,2018,1
BellVo00,Vonn Bell,nor,2018,3
BiegVi00,Vince Biegel,nor,2018,1
BreeDr00,Drew Brees,nor,2018,16
BridTe00,Teddy Bridgewater,nor,2018,0
BromJa00,Jay Bromley,nor,2018,0
BushJe20,Jermon Bushrod,nor,2018,4
CarrAu00,Austin Carr,nor,2018,1
ClapWi00,Will Clapp,nor,2018,1
ColeKu99,Kurt Coleman,nor,2018,3
CrawKe02,Ken Crawley,nor,2018,2
DaveMa00,Marcus Davenport,nor,2018,1
DaviDe00,Demario Davis,nor,2018,7
DaviTy01,Tyeler Davison,nor,2018,4
GillMi00,Mike Gillislee,nor,2018,0
GinnTe00,Ted Ginn Jr.,nor,2018,3
GrayJ.00,J.T. Gray,nor,2018,0
GrifGa00,Garrett Griffin,nor,2018,0
HardJu01,Justin Hardee,nor,2018,1
HendTr00,Trey Hendrickson,nor,2018,1
HillJo02,Josh Hill,nor,2018,2
HillTa00,Taysom Hill,nor,2018,2
IngrMa01,Mark Ingram,nor,2018,7
JordCa00,Cameron Jordan,nor,2018,12
KamaAl00,Alvin Kamara,nor,2018,15
KirkKe00,Keith Kirkwood,nor,2018,2
KleiAJ00,A.J. Klein,nor,2018,7
LattMa01,Marshon Lattimore,nor,2018,6
LeRiJo00,Josh LeRibeus,nor,2018,2
LewiTo00,Tommylee Lewis,nor,2018,1
LineZa01,Zach Line,nor,2018,0
LoewMi00,Mitchell Loewen,nor,2018,0
LucaCo01,Cornelius Lucas,nor,2018,1
LutzWi00,Wil Lutz,nor,2018,5
MaulAr00,Arthur Maulet,nor,2018,0
MereCa00,Cameron Meredith,nor,2018,1
MorsTh00,Thomas Morstead,nor,2018,3
NewtDe00,Derek Newton,nor,2018,0
OkafAl00,Alex Okafor,nor,2018,7
OlaxMi00,Michael Ola,nor,2018,1
OnyeDa00,David Onyemata,nor,2018,3
PeatAn00,Andrus Peat,nor,2018,11
RamcRy00,Ryan Ramczyk,nor,2018,15
RankSh00,Sheldon Rankins,nor,2018,7
RobeCr00,Craig Robertson,nor,2018,1
RobiJo01,Josh Robinson,nor,2018,1
RobiPa99,Patrick Robinson,nor,2018,0
SmitTr03,Tre'Quan Smith,nor,2018,5
StalTa00,Taylor Stallworth,nor,2018,1
TateBr00,Brandon Tate,nor,2018,0
TeoxMa00,Manti Te'o,nor,2018,1
ThomMi05,Michael Thomas,nor,2018,16
TomxCa00,Cameron Tom,nor,2018,2
UngeMa20,Max Unger,nor,2018,13
WarfLa00,Larry Warford,nor,2018,12
WashDw00,Dwayne Washington,nor,2018,1
WatsBe00,Ben Watson,nor,2018,4
WillJo07,Jonathan Williams,nor,2018,0
WillMa06,Marcus Williams,nor,2018,5
WillP.00,P.J. Williams,nor,2018,7
WoodZa00,Zach Wood,nor,2018,2
ArmsAr01,Arik Armstead,sfo,2018,7
BeatC.00,C.J. Beathard,sfo,2018,3
BlaiRo00,Ronald Blair,sfo,2018,2
BoldVi00,Victor Bolden,sfo,2018,0
BourKe00,Kendrick Bourne,sfo,2018,4
BreiMa00,Matt Breida,sfo,2018,7
BuckDe00,DeForest Buckner,sfo,2018,10
CeleGa00,Garrett Celek,sfo,2018,1
ColbAd00,Adrian Colbert,sfo,2018,2
CoylBr00,Brock Coyle,sfo,2018,0
DayxSh00,Sheldon Day,sfo,2018,1
DayeMa00,Matthew Dayes,sfo,2018,0
DelaRy00,Ryan Delaire,sfo,2018,0
DunbSt00,Steven Dunbar,sfo,2018,0
DwelRo00,Ross Dwelley,sfo,2018,0
ExumAn00,Antone Exum,sfo,2018,3
FostRe00,Reuben Foster,sfo,2018,3
GarcPi00,Pierre Garcon,sfo,2018,2
GarnJo00,Joshua Garnett,sfo,2018,0
GaroJi00,Jimmy Garoppolo,sfo,2018,2
GarvTe00,Terence Garvin,sfo,2018,0
GillGa01,Garry Gilliam,sfo,2018,1
GoodMa00,Marquise Goodwin,sfo,2018,3
gouldrob01,Robbie Gould,sfo,2018,5
HarrMa03,Marcell Harris,sfo,2018,2
HolbCo00,Colin Holba,sfo,2018,0
IgweGo00,Godwin Igwebuike,sfo,2018,0
JameRi00,Richie James,sfo,2018,2
JoneD.01,D.J. Jones,sfo,2018,2
JuszKy00,Kyle Juszczyk,sfo,2018,3
KittGe00,George Kittle,sfo,2018,10
LeexEl00,Elijah Lee,sfo,2018,4
MabiGr00,Greg Mabin,sfo,2018,1
MagnEr00,Erik Magnuson,sfo,2018,1
MarsCa00,Cassius Marsh,sfo,2018,3
McCaMa01,Max McCaffrey,sfo,2018,0
McGlMi00,Mike McGlinchey,sfo,2018,7
MitcEa99,Earl Mitchell,sfo,2018,5
MoorTa00,Tarvarius Moore,sfo,2018,1
MorrAl00,Alfred Morris,sfo,2018,3
MoseEm00,Emmanuel Moseley,sfo,2018,0
MostRa00,Raheem Mostert,sfo,2018,2
MullNi00,Nick Mullens,sfo,2018,6
NelsKy00,Kyle Nelson,sfo,2018,1
NzeoMa00,Mark Nzeocha,sfo,2018,2
OnwuJa00,James Onwualu,sfo,2018,0
PersMi00,Michael Person,sfo,2018,7
PettDa00,Dante Pettis,sfo,2018,4
PiniBr00,Bradley Pinion,sfo,2018,2
PoweTy01,Tyvis Powell,sfo,2018,1
ReedD.00,D.J. Reed,sfo,2018,1
RichWe00,Weston Richburg,sfo,2018,6
SherRi00,Richard Sherman,sfo,2018,5
SmitMa02,Malcolm Smith,sfo,2018,3
StalJo20,Joe Staley,sfo,2018,7
TartJa00,Jaquiski Tartt,sfo,2018,3
TaumPi00,Pita Taumoepenu,sfo,2018,0
TaylJu00,Jullian Taylor,sfo,2018,0
TaylTr02,Trent Taylor,sfo,2018,2
ThomSo00,Solomon Thomas,sfo,2018,6
TomlLa01,Laken Tomlinson,sfo,2018,7
WardJi01,Jimmie Ward,sfo,2018,2
WarnFr00,Fred Warner,sfo,2018,7
WatsDe99,Dekoda Watson,sfo,2018,0
WickCo00,Cole Wick,sfo,2018,0
WillKW00,K'Waun Williams,sfo,2018,4
WilsJe01,Jeff Wilson,sfo,2018,2
WithAh00,Ahkello Witherspoon,sfo,2018,4
AlleBr02,Brian Allen,ram,2018,1
AndeC.00,C.J. Anderson,ram,2018,2
BarrMa00,Mark Barron,ram,2018,5
BlytAu00,Austin Blythe,ram,2018,11
BrocMi00,Michael Brockers,ram,2018,7
BrowJa04,Jamon Brown,ram,2018,1
BrowMa03,Malcolm Brown,ram,2018,2
ChriMa00,Marqui Christian,ram,2018,1
CookBr00,Brandin Cooks,ram,2018,13
CoopPh00,Pharoh Cooper,ram,2018,0
CounBl00,Blake Countess,ram,2018,1
DaviJu00,Justin Davis,ram,2018,0
DonaAa00,Aaron Donald,ram,2018,16
EaslDo00,Dominique Easley,ram,2018,1
EbukSa00,Samson Ebukam,ram,2018,7
EverGe00,Gerald Everett,ram,2018,3
FickSa00,Sam Ficken,ram,2018,-1
FowlDa00,Dante Fowler,ram,2018,3
FranJo02,John Franklin-Myers,ram,2018,2
GoffJa00,Jared Goff,ram,2018,18
GurlTo01,Todd Gurley,ram,2018,16
HageBr00,Bryce Hager,ram,2018,1
HatfDo00,Dominique Hatfield,ram,2018,0
HaveRo00,Rob Havenstein,ram,2018,11
HekkJo00,Johnny Hekker,ram,2018,3
HigbTy00,Tyler Higbee,ram,2018,3
HillTr01,Troy Hill,ram,2018,3
HodgKh00,KhaDarel Hodge,ram,2018,0
JohnIs01,Isaiah Johnson,ram,2018,0
JohnJo10,John Johnson,ram,2018,5
JoynLa00,Lamarcus Joyner,ram,2018,5
KellJo00,John Kelly,ram,2018,1
KiseMi00,Micah Kiser,ram,2018,1
KuppCo00,Cooper Kupp,ram,2018,6
LawlJu00,Justin Lawler,ram,2018,1
LittCo01,Cory Littleton,ram,2018,13
LongMa00,Matt Longacre,ram,2018,3
MannSe00,Sean Mannion,ram,2018,0
McQuJa00,Jake McQuaide,ram,2018,1
MundJo00,Johnny Mundt,ram,2018,0
NatsJo00,Jojo Natson,ram,2018,0
NoteJo00,Joseph Noteboom,ram,2018,2
PeteMa00,Marcus Peters,ram,2018,5
ReynJo00,Josh Reynolds,ram,2018,4
RobeNi00,Nickell Robey-Coleman,ram,2018,1
SaffRo20,Rodger Saffold,ram,2018,11
SantCa01,Cairo Santos,ram,2018,0
ShieSa00,Sam Shields,ram,2018,2
SmarTa00,Tanzel Smart,ram,2018,0
SuhxNd99,Ndamukong Suh,ram,2018,8
SullJo24,John Sullivan,ram,2018,11
TaliAq99,Aqib Talib,ram,2018,3
ThomMi04,Mike Thomas,ram,2018,0
WestEt00,Ethan Westbrooks,ram,2018,1
WhitAn20,Andrew Whitworth,ram,2018,11
WillDa09,Darious Williams,ram,2018,0
WillNi02,Nick Williams,ram,2018,0
WilsRa00,Ramik Wilson,ram,2018,3
WoodRo02,Robert Woods,ram,2018,14
YounTr00,Trevon Young,ram,2018,0
ZuerGr00,Greg Zuerlein,ram,2018,3
ApplEl00,Eli Apple,nyg,2018,2
ArmsRa01,Ray-Ray Armstrong,nyg,2018,1
BarkSa00,Saquon Barkley,nyg,2018,14
BarwCo99,Connor Barwin,nyg,2018,2
BeckOd00,Odell Beckham Jr.,nyg,2018,9
BrowJa04,Jamon Brown,nyg,2018,4
CartLo01,Lorenzo Carter,nyg,2018,2
ChanSe00,Sean Chandler,nyg,2018,1
ClayKa00,Kaelin Clay,nyg,2018,0
ColeCo00,Corey Coleman,nyg,2018,1
ColeSt00,Stacy Coley,nyg,2018,0
CollLa00,Landon Collins,nyg,2018,6
DaviJa07,Jawill Davis,nyg,2018,0
DaviTa00,Tae Davis,nyg,2018,2
DeayDo01,Donte Deayon,nyg,2018,0
DeOsZa99,Zak DeOssie,nyg,2018,2
DickGa00,Garrett Dickerson,nyg,2018,0
DixoRi00,Riley Dixon,nyg,2018,2
EdwaMa01,Mario Edwards,nyg,2018,1
EligUk00,Ukeme Eligwe,nyg,2018,1
ElliRh00,Rhett Ellison,nyg,2018,2
EngrEv00,Evan Engram,nyg,2018,5
FlowEr00,Ereck Flowers,nyg,2018,1
FowlBe00,Bennie Fowler,nyg,2018,2
GallWa00,Wayne Gallman,nyg,2018,2
GoodB.00,B.J. Goodson,nyg,2018,6
GrecJo20,John Greco,nyg,2018,4
HalaJo00,Jon Halapio,nyg,2018,1
HaleGr00,Grant Haley,nyg,2018,6
HamiAn01,Antonio Hamilton,nyg,2018,1
HarrDa03,Damon Harrison,nyg,2018,3
HendQu00,Quadree Henderson,nyg,2018,0
HernWi00,Will Hernandez,nyg,2018,8
HillB.00,B.J. Hill,nyg,2018,5
JenkJa03,Jackrabbit Jenkins,nyg,2018,6
JenkJo00,John Jenkins,nyg,2018,0
JordMi00,Mike Jordan,nyg,2018,0
LadlKe00,Kenny Ladler,nyg,2018,0
LatiCo00,Cody Latimer,nyg,2018,1
LaulKy00,Kyle Lauletta,nyg,2018,0
LippTo00,Tony Lippett,nyg,2018,0
MannEl00,Eli Manning,nyg,2018,12
MartKa00,Kareem Martin,nyg,2018,3
MaurJo00,Josh Mauro,nyg,2018,2
McInR.00,R.J. McIntosh,nyg,2018,0
MihaBr00,Brian Mihalik,nyg,2018,1
MoorKa01,Kamrin Moore,nyg,2018,0
OgleAl00,Alec Ogletree,nyg,2018,7
OmamPa00,Patrick Omameh,nyg,2018,3
PennEl00,Elijhaa Penny,nyg,2018,1
PullSp00,Spencer Pulley,nyg,2018,5
RileCu00,Curtis Riley,nyg,2018,6
RosaAl00,Aldrick Rosas,nyg,2018,5
RussAl01,Alonzo Russell,nyg,2018,0
ShepRu00,Russell Shepard,nyg,2018,1
ShepSt00,Sterling Shepard,nyg,2018,7
SimoSc00,Scott Simonson,nyg,2018,1
SmitSh02,Shane Smith,nyg,2018,0
SoldNa00,Nate Solder,nyg,2018,8
StewJo00,Jonathan Stewart,nyg,2018,0
StupNa01,Nathan Stupar,nyg,2018,1
ThomMi02,Michael Thomas,nyg,2018,5
TomlDa00,Dalvin Tomlinson,nyg,2018,6
VernOl00,Olivier Vernon,nyg,2018,6
WebbBW00,B.W. Webb,nyg,2018,5
WheeCh00,Chad Wheeler,nyg,2018,7
WynnKe00,Kerry Wynn,nyg,2018,3
BarrSh00,Shaquil Barrett,den,2018,1
BierKe00,Keishawn Bierria,den,2018,1
BollGa00,Garett Bolles,den,2018,7
BookDe00,Devontae Booker,den,2018,3
BrocTr00,Tramaine Brock,den,2018,2
ButtJa00,Jake Butt,den,2018,1
ChubBr00,Bradley Chubb,den,2018,8
CracRi00,River Cracraft,den,2018,0
CravSu00,Su'a Cravens,den,2018,1
DaviTo01,Todd Davis,den,2018,8
FreeRo00,Royce Freeman,den,2018,3
GarcMa00,Max Garcia,den,2018,2
GotsAd00,Adam Gotsis,den,2018,6
GradGi00,Gino Gradkowski,den,2018,0
HamiDa01,DaeSean Hamilton,den,2018,2
HarrCh01,Chris Harris Jr.,den,2018,9
HarrSh00,Shelby Harris,den,2018,2
HemiTe00,Temarrick Hemingway,den,2018,0
HeueJe00,Jeff Heuerman,den,2018,2
HollJe01,Jeff Holland,den,2018,0
HolmAn00,Andre Holmes,den,2018,0
JanoAn00,Andy Janovich,den,2018,1
JeweJo00,Josey Jewell,den,2018,5
JohnAl01,Alexander Johnson,den,2018,0
JonePa20,Adam Jones,den,2018,1
JoneJo05,Joseph Jones,den,2018,1
JoneSa00,Sam Jones,den,2018,0
KeenCa00,Case Keenum,den,2018,9
KellCh00,Chad Kelly,den,2018,0
KerrZa00,Zach Kerr,den,2018,2
KingMa00,Marquette King,den,2018,0
KouaCy00,Cyrus Kouandjio,den,2018,0
KreiCa00,Casey Kreiter,den,2018,3
LaCoMa00,Matt LaCosse,den,2018,2
LangBr00,Brendan Langley,den,2018,0
LearRo00,Ronald Leary,den,2018,3
LindPh00,Phillip Lindsay,den,2018,7
MarsBr01,Brandon Marshall,den,2018,3
MarsTr00,Trey Marshall,den,2018,0
McGoCo00,Connor McGovern,den,2018,6
McKeIs00,Isaiah McKenzie,den,2018,0
McMaBr01,Brandon McManus,den,2018,3
MillVo00,Von Miller,den,2018,13
ParaMa00,Matt Paradis,den,2018,4
ParkBr00,Brian Parker,den,2018,0
ParkWi01,Will Parks,den,2018,2
PatrTi00,Tim Patrick,den,2018,2
PekoDo20,Domata Peko,den,2018,7
RayxSh00,Shane Ray,den,2018,1
RobyBr00,Bradley Roby,den,2018,6
SandEm00,Emmanuel Sanders,den,2018,7
SimmJu00,Justin Simmons,den,2018,7
StewDa00,Darian Stewart,den,2018,6
SuttCo00,Courtland Sutton,den,2018,5
TaylJa01,Jamar Taylor,den,2018,0
ThomDe03,Demaryius Thomas,den,2018,3
ThomDy01,Dymonte Thomas,den,2018,1
ThomSh00,Shamarko Thomas,den,2018,0
TurnBi00,Billy Turner,den,2018,5
VeldJa20,Jared Veldheer,den,2018,5
WadmCo00,Colby Wadman,den,2018,2
WalkDe03,DeMarcus Walker,den,2018,1
WilkEl00,Elijah Wilkinson,den,2018,3
WolfDe00,Derek Wolfe,den,2018,8
YiadIs00,Isaac Yiadom,den,2018,1
ArmsRa01,Ray-Ray Armstrong,cle,2018,1
AverGe00,Genard Avery,cle,2018,4
BitoJo00,Joel Bitonio,cle,2018,11
BoddBr01,Briean Boddy-Calhoun,cle,2018,3
BurgJa01,James Burgess,cle,2018,1
BurrJu00,Juston Burris,cle,2018,0
CallAn00,Antonio Callaway,cle,2018,4
CarrTr00,T.J. Carrie,cle,2018,4
CharOr00,Orson Charles,cle,2018,0
ChubNi00,Nick Chubb,cle,2018,6
ColeTr01,Trevon Coley,cle,2018,7
CollJa00,Jamie Collins,cle,2018,9
ColqBr00,Britton Colquitt,cle,2018,2
CorbAu00,Austin Corbett,cle,2018,1
DaviCa01,Carl Davis,cle,2018,0
DevaSe00,Seth Devalve,cle,2018,1
FellDa01,Darren Fells,cle,2018,1
GainE.00,E.J. Gaines,cle,2018,1
GainPh00,Phillip Gaines,cle,2018,0
GarrMy00,Myles Garrett,cle,2018,14
GonzZa00,Zane Gonzalez,cle,2018,-1
GordJo02,Josh Gordon,cle,2018,0
HarrDe05,Desmond Harrison,cle,2018,3
HiggRa00,Rashard Higgins,cle,2018,4
HillDo00,Dontrell Hilliard,cle,2018,1
HineDJ00,D'Juan Hines,cle,2018,1
HubbCh00,Chris Hubbard,cle,2018,7
HughCh01,Charley Hughlett,cle,2018,1
HydeCa00,Carlos Hyde,cle,2018,2
JohnDu00,Duke Johnson,cle,2018,4
JoseGr00,Greg Joseph,cle,2018,2
KaliKy00,Kyle Kalis,cle,2018,0
KindDe00,Derrick Kindred,cle,2018,2
KirkCh00,Christian Kirksey,cle,2018,4
LandJa00,Jarvis Landry,cle,2018,8
LawrDe02,Devaroe Lawrence,cle,2018,0
MayfBa00,Baker Mayfield,cle,2018,10
McKiJe01,Jeremiah McKinnon,cle,2018,0
MitcTe00,Terrance Mitchell,cle,2018,3
NjokDa00,David Njoku,cle,2018,5
OgbaEm00,Emmanuel Ogbah,cle,2018,7
OgunLa00,Larry Ogunjobi,cle,2018,8
PeppJa00,Jabrill Peppers,cle,2018,7
PerrBr02,Breshad Perriman,cle,2018,2
PricBr00,Brian Price,cle,2018,1
RandDa00,Damarious Randall,cle,2018,6
RatlDa00,Damion Ratley,cle,2018,1
RiceDe00,Denzel Rice,cle,2018,1
RobiGr01,Greg Robinson,cle,2018,4
SchoJo00,Joe Schobert,cle,2018,7
SmitCh03,Chris Smith,cle,2018,2
StreRo00,Rod Streater,cle,2018,0
TaylTy00,Tyrod Taylor,cle,2018,2
ThomCh06,Chad Thomas,cle,2018,0
ThomTa01,Tavierre Thomas,cle,2018,1
TretJC00,J.C. Tretter,cle,2018,7
VallTa00,Tanner Vallejo,cle,2018,2
WardDe02,Denzel Ward,cle,2018,8
WatfEa00,Earl Watford,cle,2018,1
WhitJe02,Jermaine Whitehead,cle,2018,0
WillDe06,Derrick Willies,cle,2018,0
WoodXa01,Xavier Woodson-Luster,cle,2018,0
ZeitKe00,Kevin Zeitler,cle,2018,7
ZettAn00,Anthony Zettel,cle,2018,1
AdamMa00,Matthew Adams,clt,2018,6
AlieMo00,Mo Alie-Cox,clt,2018,1
AndrJo01,Josh Andrews,clt,2018,0
AutrDe00,Denico Autry,clt,2018,7
BashTa00,Tarell Basham,clt,2018,0
BoehEv00,Evan Boehm,clt,2018,3
BrisJa00,Jacoby Brissett,clt,2018,0
CastAn00,Anthony Castonzo,clt,2018,6
ClarLe01,Le'Raven Clark,clt,2018,3
DesiPi00,Pierre Desir,clt,2018,5
DoylJa00,Jack Doyle,clt,2018,2
EbroEr00,Eric Ebron,clt,2018,7
FarlMa00,Matthias Farley,clt,2018,1
FounDa00,Daurice Fountain,clt,2018,0
FranZa00,Zaire Franklin,clt,2018,2
GeatCl00,Clayton Geathers,clt,2018,4
GlowMa00,Mark Glowinski,clt,2018,5
GoodDe01,Denzelle Good,clt,2018,1
GoodNa00,Najee Goode,clt,2018,2
GranRy01,Ryan Grant,clt,2018,3
GrisGe00,Geneo Grissom,clt,2018,0
HaegJo00,Joe Haeg,clt,2018,4
HairNa00,Nate Hairston,clt,2018,3
HewiRy00,Ryan Hewitt,clt,2018,0
HiltT.00,T.Y. Hilton,clt,2018,12
HineNy00,Nyheim Hines,clt,2018,6
HookMa00,Malik Hooker,clt,2018,5
HuntMa00,Margus Hunt,clt,2018,8
InmaDo00,Dontrelle Inman,clt,2018,3
JohnMa07,Marcus Johnson,clt,2018,1
KellRy00,Ryan Kelly,clt,2018,6
LeonDa00,Shaquille Leonard,clt,2018,18
LewiTy00,Tyquan Lewis,clt,2018,3
LuckAn00,Andrew Luck,clt,2018,16
MackMa00,Marlon Mack,clt,2018,7
MaulAr00,Arthur Maulet,clt,2018,1
McNiJe00,Jeremy McNichols,clt,2018,0
MichCh00,Christine Michael,clt,2018,0
MiltCh00,Christopher Milton,clt,2018,1
MitcMi99,Mike Mitchell,clt,2018,2
MoorCo00,Corey Moore,clt,2018,1
MoorKe03,Kenny Moore,clt,2018,6
MoorSk00,Skai Moore,clt,2018,1
MuhaAl00,Al-Quadin Muhammad,clt,2018,3
NelsQu00,Quenton Nelson,clt,2018,15
OdumGe00,George Odum,clt,2018,2
PascZa00,Zach Pascal,clt,2018,3
PhilCa00,Carroll Phillips,clt,2018,0
PipkLe00,Lenzy Pipkins,clt,2018,0
RhodLu00,Luke Rhodes,clt,2018,2
RidgHa00,Hassan Ridgeway,clt,2018,1
RogeCh02,Chester Rogers,clt,2018,5
SancRi00,Rigoberto Sanchez,clt,2018,3
SheaJa00,Jabaal Sheard,clt,2018,9
SlauMa20,Matt Slauson,clt,2018,3
SmitBr06,Braden Smith,clt,2018,7
StewGr00,Grover Stewart,clt,2018,2
SwooEr00,Erik Swoope,clt,2018,1
ThomAh00,Ahmad Thomas,clt,2018,1
TuraKe00,Kemoko Turay,clt,2018,3
TurbRo00,Robert Turbin,clt,2018,0
vinatada01,Adam Vinatieri,clt,2018,3
WalkAn01,Anthony Walker,clt,2018,8
WardJi02,Jihad Ward,clt,2018,1
WebbJM20,J'Marcus Webb,clt,2018,1
WilcJ.00,J.J. Wilcox,clt,2018,0
WilkJo01,Jordan Wilkins,clt,2018,3
WilsQu01,Quincy Wilson,clt,2018,2
WoodAl99,Al Woods,clt,2018,4
BateDa00,Daren Bates,oti,2018,1
BatsCa00,Cameron Batson,oti,2018,1
BrinBe00,Beau Brinkley,oti,2018,1
BrowJa06,Jayon Brown,oti,2018,8
ButlMa01,Malcolm Butler,oti,2018,6
ByarKe01,Kevin Byard,oti,2018,8
CaseJu00,Jurrell Casey,oti,2018,12
CompWi00,William Compton,oti,2018,2
ConkJa00,Jack Conklin,oti,2018,4
CorrKa00,Kamalei Correa,oti,2018,3
CruiDa00,Dane Cruikshank,oti,2018,1
DaviCo03,Corey Davis,oti,2018,7
DawkDa01,Dalyn Dawkins,oti,2018,0
DickMa00,Matt Dickerson,oti,2018,0
DurdKe00,Kenneth Durden,oti,2018,0
EvanRa01,Rashaan Evans,oti,2018,5
FincSh00,Sharif Finch,oti,2018,2
FirkAn00,Anthony Firkser,oti,2018,2
FlueDa00,David Fluellen,oti,2018,0
GabbBl00,Blaine Gabbert,oti,2018,2
HarrNi00,Nigel Harris,oti,2018,0
HenrDe00,Derrick Henry,oti,2018,7
JackAd00,Adoree' Jackson,oti,2018,6
JennDa00,Darius Jennings,oti,2018,2
JohnAu01,Austin Johnson,oti,2018,5
JoneBe01,Ben Jones,oti,2018,7
JoneDa04,DaQuan Jones,oti,2018,8
KaluJo00,Joshua Kalu,oti,2018,0
KellDe00,Dennis Kelly,oti,2018,3
KernBr20,Brett Kern,oti,2018,3
KilgDa01,Darius Kilgo,oti,2018,1
KlinJo01,Josh Kline,oti,2018,7
LandHa00,Harold Landry,oti,2018,3
LeviCo00,Corey Levin,oti,2018,2
LewaTa00,Taylor Lewan,oti,2018,9
LewiDi00,Dion Lewis,oti,2018,6
LewiKe00,Kendrick Lewis,oti,2018,2
LogaBe00,Bennie Logan,oti,2018,1
MariMa01,Marcus Mariota,oti,2018,9
MarzTy01,Tyler Marz,oti,2018,1
MattRi00,Rishard Matthews,oti,2018,0
MorgDe99,Derrick Morgan,oti,2018,6
OrakBr99,Brian Orakpo,oti,2018,7
PampKe00,Kevin Pamphile,oti,2018,1
PaszAu00,Austin Pasztor,oti,2018,0
PruiMy00,MyCole Pruitt,oti,2018,1
RyanLo00,Logan Ryan,oti,2018,6
SharTa00,Tajae Sharpe,oti,2018,3
SimsLe00,LeShaun Sims,oti,2018,2
SmitJo01,Jonnu Smith,oti,2018,2
SpaiQu00,Quinton Spain,oti,2018,7
SpilRo00,Robert Spillane,oti,2018,0
StinAa00,Aaron Stinnie,oti,2018,0
StocLu00,Luke Stocker,oti,2018,1
SuccRy44,Ryan Succop,oti,2018,3
TaylTa00,Taywan Taylor,oti,2018,4
TrawBr00,Brynden Trawick,oti,2018,1
VaccKe00,Kenny Vaccaro,oti,2018,6
WalkHu00,Delanie Walker,oti,2018,0
WallAa00,Aaron Wallace,oti,2018,0
WillNi02,Nick Williams,oti,2018,0
WoodWe20,Wesley Woodyard,oti,2018,9
AdamJa00,Jamal Adams,nyj,2018,10
AndeHe00,Henry Anderson,nyj,2018,3
AttaJe00,Jeremiah Attaochu,nyj,2018,1
BashTa00,Tarell Basham,nyj,2018,1
BeacKe00,Kelvin Beachum,nyj,2018,6
BradBe00,Ben Braden,nyj,2018,0
BrooTe00,Terrence Brooks,nyj,2018,1
BurnDe00,Deontay Burnett,nyj,2018,1
BurrJu00,Juston Burris,nyj,2018,0
CampIb00,Ibraheim Campbell,nyj,2018,0
CannTr00,Trenton Cannon,nyj,2018,2
CarpJa00,James Carpenter,nyj,2018,4
AndeRo04,Robbie Chosen,nyj,2018,6
ClaiMo00,Morris Claiborne,nyj,2018,6
ClarJe04,Jeremy Clark,nyj,2018,0
CopeBr00,Brandon Copeland,nyj,2018,5
CrowIs00,Isaiah Crowell,nyj,2018,5
DarnSa00,Sam Darnold,nyj,2018,7
DoziDa00,Dakota Dozier,nyj,2018,1
EdwaLa01,Lac Edwards,nyj,2018,3
EnunQu00,Quincy Enunwa,nyj,2018,4
FatuFo00,Folorunso Fatukasi,nyj,2018,0
HarrJo03,Jonotthan Harrison,nyj,2018,3
HendDe01,De'Angelo Henderson,nyj,2018,0
HennTh00,Thomas Hennessy,nyj,2018,1
HernCh00,Chris Herndon,nyj,2018,4
HewiNe00,Neville Hewitt,nyj,2018,3
JenkJo01,Jordan Jenkins,nyj,2018,6
JohnTr05,Trumaine Johnson,nyj,2018,5
JoneDe02,Derrick Jones,nyj,2018,0
JoneJJ00,JJ Jones,nyj,2018,0
KaufBr01,Bronson Kaufusi,nyj,2018,0
KearJe01,Jermaine Kearse,nyj,2018,3
LamuEm00,Emmanuel Lamur,nyj,2018,0
LeexDa00,Darron Lee,nyj,2018,7
LeggJo00,Jordan Leggett,nyj,2018,1
LongSp00,Spencer Long,nyj,2018,5
LuvuFr00,Frankie Luvu,nyj,2018,2
MartJo02,Josh Martin,nyj,2018,0
MattRi00,Rishard Matthews,nyj,2018,0
MayeMa00,Marcus Maye,nyj,2018,2
McCoJo01,Josh McCown,nyj,2018,2
McGuEl00,Elijah McGuire,nyj,2018,3
McLeSt00,Steve McLendon,nyj,2018,7
MiddDo01,Doug Middleton,nyj,2018,2
MileRo00,Rontez Miles,nyj,2018,1
MyerJa00,Jason Myers,nyj,2018,5
NickPa00,Parry Nickerson,nyj,2018,1
PeakCh00,Charone Peake,nyj,2018,0
PennMi00,Mike Pennel,nyj,2018,4
PierKe00,Kevin Pierre-Louis,nyj,2018,1
PoweBi00,Bilal Powell,nyj,2018,3
PryoTe00,Terrelle Pryor,nyj,2018,2
QvalBr01,Brent Qvale,nyj,2018,2
RobeAn00,Andre Roberts,nyj,2018,3
RobeDa00,Darryl Roberts,nyj,2018,4
RobiRa00,Rashard Robinson,nyj,2018,1
ShelBr00,Brandon Shell,nyj,2018,5
ShepNa00,Nathan Shepherd,nyj,2018,3
SkriBu00,Buster Skrine,nyj,2018,4
SterNe00,Neal Sterling,nyj,2018,0
TomlEr01,Eric Tomlinson,nyj,2018,1
WalfCl00,Clive Walford,nyj,2018,0
WilcJ.00,J.J. Wilcox,nyj,2018,0
WillLe02,Leonard Williams,nyj,2018,8
WillAv00,Avery Williamson,nyj,2018,9
WintAn00,Anthony Wint,nyj,2018,0
WintBr00,Brian Winters,nyj,2018,6
AdamTy00,Tyrell Adams,htx,2018,0
AkinJo00,Jordan Akins,htx,2018,2
BadeJo00,Johnson Bademosi,htx,2018,1
BlacAn00,Angelo Blackson,htx,2018,4
BlueAl00,Alfred Blue,htx,2018,5
BurtDe00,Deante Burton,htx,2018,0
CartDe02,DeAndre Carter,htx,2018,2
ClowJa00,Jadeveon Clowney,htx,2018,12
CoatSa00,Sammie Coates,htx,2018,0
ColeDy00,Dylan Cole,htx,2018,1
ColvAa00,Aaron Colvin,htx,2018,2
CoutKe00,Keke Coutee,htx,2018,2
CoviCh00,Christian Covington,htx,2018,2
CunnZa00,Zach Cunningham,htx,2018,9
DaniTr00,Trevor Daniel,htx,2018,2
DaveJu00,JuliÃ©n Davenport,htx,2018,7
DunnBr00,Brandon Dunn,htx,2018,5
EjioDu00,Duke Ejiofor,htx,2018,1
ElliBr00,Bruce Ellington,htx,2018,1
ErviTy00,Tyler Ervin,htx,2018,0
FairKa01,Ka'imi Fairbairn,htx,2018,4
ForeDO00,D'Onta Foreman,htx,2018,0
FullWi01,Will Fuller,htx,2018,4
FultZa00,Zach Fulton,htx,2018,6
GrifRy00,Ryan Griffin,htx,2018,3
HalxAn00,Andre Hal,htx,2018,2
HeatJo00,Joel Heath,htx,2018,0
HendSe00,Seantrel Henderson,htx,2018,1
HopkDe00,DeAndre Hopkins,htx,2018,13
HoweGr00,Buddy Howell,htx,2018,0
JackKa99,Kareem Jackson,htx,2018,6
JameNa00,Natrell Jamerson,htx,2018,1
JohnKe04,Kevin Johnson,htx,2018,0
JohnRo06,Roderick Johnson,htx,2018,0
JoseJo20,Johnathan Joseph,htx,2018,5
KalaPe00,Peter Kalambayi,htx,2018,1
KeleSe00,Senio Kelemete,htx,2018,6
KeyeJo00,Josh Keyes,htx,2018,0
LammKe00,Kendall Lamm,htx,2018,6
MancGr00,Greg Mancz,htx,2018,3
MartNi00,Nick Martin,htx,2018,7
MathTy00,Tyrann Mathieu,htx,2018,6
McKiBe00,Benardrick McKinney,htx,2018,12
MercWh00,Whitney Mercilus,htx,2018,5
MillLa01,Lamar Miller,htx,2018,8
MitcSt02,Steven Mitchell,htx,2018,0
MoorA.00,A.J. Moore,htx,2018,1
PeteBr00,Brian Peters,htx,2018,1
RankMa00,Martinas Rankin,htx,2018,3
ReadD.00,D.J. Reader,htx,2018,8
ReidJu00,Justin Reid,htx,2018,5
ScarBr00,Brennan Scarlett,htx,2018,3
SharDa02,David Sharpe,htx,2018,0
SmitVy00,Vyncint Smith,htx,2018,1
ThomDe03,Demaryius Thomas,htx,2018,2
ThomJo05,Jordan Thomas,htx,2018,2
TysoMi00,Michael Tyson,htx,2018,1
WatkCa00,Carlos Watkins,htx,2018,0
WatsDe00,Deshaun Watson,htx,2018,16
WattJ.00,J.J. Watt,htx,2018,17
WebbJo00,Joe Webb,htx,2018,0
WebsKa00,Kayvon Webster,htx,2018,1
WeedBr00,Brandon Weeden,htx,2018,0
WeekJo00,Jon Weeks,htx,2018,1
WrigSh00,Shareece Wright,htx,2018,2
AdamAn00,Andrew Adams,tam,2018,2
AlexKw00,Kwon Alexander,tam,2018,3
AlleBe00,Beau Allen,tam,2018,4
AngeBr00,Bryan Anger,tam,2018,2
AuclAn00,Antony Auclair,tam,2018,0
BarbPe01,Peyton Barber,tam,2018,4
BeneCa00,Caleb Benenoch,tam,2018,8
BondDe00,Devante Bond,tam,2018,2
BratCa00,Cameron Brate,tam,2018,2
BullRi00,Riley Bullough,tam,2018,2
CappAl00,Alex Cappa,tam,2018,1
CataCh00,Chandler Catanzaro,tam,2018,0
CichJa00,Jack Cichy,tam,2018,0
ClarWi00,Will Clarke,tam,2018,0
ContCh00,Chris Conte,tam,2018,1
CrosAl00,Alan Cross,tam,2018,0
CurrVi00,Vinny Curry,tam,2018,3
DaviLa00,Lavonte David,tam,2018,7
DaviCa02,Carlton Davis,tam,2018,4
DietEv00,Evan Dietrich-Smith,tam,2018,1
DotsDe00,Demar Dotson,tam,2018,8
ElliJa01,Javien Elliott,tam,2018,2
ErnsDo00,Donnie Ernsberger,tam,2018,0
EvanJu00,Justin Evans,tam,2018,4
EvanMi00,Mike Evans,tam,2018,11
FitzRy00,Ryan Fitzpatrick,tam,2018,7
GholWi00,William Gholston,tam,2018,2
GodwCh00,Chris Godwin,tam,2018,6
GrimBr20,Brent Grimes,tam,2018,4
HargVe00,Vernon Hargreaves III,tam,2018,0
HarrDe04,De'Vante Harris,tam,2018,1
HarrDe06,Demone Harris,tam,2018,0
HowaO.00,O.J. Howard,tam,2018,4
HumpAd00,Adam Humphries,tam,2018,6
IgweGo00,Godwin Igwebuike,tam,2018,0
JackDe00,DeSean Jackson,tam,2018,6
JensRy00,Ryan Jensen,tam,2018,8
JohnIs00,Isaiah Johnson,tam,2018,2
JoneRo01,Ronald Jones II,tam,2018,0
LedbJe00,Jeremiah Ledbetter,tam,2018,0
LiedMi00,Mike Liedtke,tam,2018,1
LyncCa00,Cameron Lynch,tam,2018,1
MarpAl00,Ali Marpet,tam,2018,8
MartFr00,Freddie Martino,tam,2018,0
McCoGe99,Gerald McCoy,tam,2018,6
MintKe00,Kevin Minter,tam,2018,0
NassCa00,Carl Nassib,tam,2018,5
NuneRa00,Rakeem Nunez-Roches,tam,2018,0
OgunDa00,Dare Ogunbowale,tam,2018,0
PierJa99,Jason Pierre-Paul,tam,2018,8
RiveDa00,David Rivers,tam,2018,0
RodgJa00,Jacquizz Rodgers,tam,2018,3
SanbGa00,Garrison Sanborn,tam,2018,2
SantCa01,Cairo Santos,tam,2018,1
ShawJo00,Josh Shaw,tam,2018,0
SmitDo02,Donovan Smith,tam,2018,8
SmitRy00,Ryan Smith,tam,2018,3
SpenNo00,Noah Spence,tam,2018,1
StewM.00,M.J. Stewart,tam,2018,2
GlanAd00,Adarius Taylor,tam,2018,5
VeaxVi00,Vita Vea,tam,2018,4
WatsJu01,Justin Watson,tam,2018,0
WestLe00,Leonard Wester,tam,2018,2
WhitJo03,Jordan Whitehead,tam,2018,4
WillMa03,Marcus Williams,tam,2018,0
WilsJe00,Bobo Wilson,tam,2018,0
WilsSh01,Shaun Wilson,tam,2018,0
WinsJa00,Jameis Winston,tam,2018,9
WortJe00,Jerel Worthy,tam,2018,0
AikeWa00,Walt Aikens,mia,2018,1
AlleCh02,Chase Allen,mia,2018,1
AlonKi00,Kiko Alonso,mia,2018,7
AmenDa00,Danny Amendola,mia,2018,4
AnthSt00,Stephone Anthony,mia,2018,1
ArmsCo00,Cornell Armstrong,mia,2018,1
AsiaIs00,Isaac Asiata,mia,2018,0
BakeJe00,Jerome Baker,mia,2018,5
BallKa00,Kalen Ballage,mia,2018,2
BoldBr00,Brandon Bolden,mia,2018,1
BranAn00,Andre Branch,mia,2018,2
BrenJa01,Jake Brendel,mia,2018,1
ButlBr00,Brice Butler,mia,2018,0
CarrLe00,Leonte Carroo,mia,2018,1
DaviJa06,Jalen Davis,mia,2018,0
DaviJe00,Jesse Davis,mia,2018,6
DennJo20,John Denney,mia,2018,2
DerbA.00,A.J. Derby,mia,2018,0
DrakKe00,Kenyan Drake,mia,2018,7
FitzMi00,Minkah Fitzpatrick,mia,2018,4
FordIs00,Isaiah Ford,mia,2018,0
GesiMi00,Mike Gesicki,mia,2018,2
GodcDa00,Davon Godchaux,mia,2018,6
GoreFr00,Frank Gore,mia,2018,5
GranJa00,Jakeem Grant,mia,2018,4
HaacMa00,Matt Haack,mia,2018,2
HarrCh03,Charles Harris,mia,2018,1
HayeWi99,William Hayes,mia,2018,0
HoodEv99,Evander Hood,mia,2018,0
HowaXa00,Xavien Howard,mia,2018,11
HullMi01,Mike Hull,mia,2018,1
JameJa01,Ja'Wuan James,mia,2018,6
JohnWe00,Wesley Johnson,mia,2018,1
JoneRe99,Reshad Jones,mia,2018,5
KilgDa00,Daniel Kilgore,mia,2018,2
LarsTe20,Ted Larsen,mia,2018,5
MalvCa00,Cameron Malveaux,mia,2018,0
McCaBo01,Bobby McCain,mia,2018,4
McDoTJ00,T.J. McDonald,mia,2018,5
McEvTa01,Tanner McEvoy,mia,2018,0
McMiRa02,Raekwon McMillan,mia,2018,6
McTyTo00,Torry McTyer,mia,2018,2
OLeaNi00,Nick O'Leary,mia,2018,1
OsweBr00,Brock Osweiler,mia,2018,3
ParkDe01,DeVante Parker,mia,2018,2
PerrSe00,Senorise Perry,mia,2018,0
PhilJo01,Jordan Phillips,mia,2018,0
PittJa00,Jamiyus Pittman,mia,2018,0
QuinRo00,Robert Quinn,mia,2018,6
SandJa00,Jason Sanders,mia,2018,4
SittJo20,Josh Sitton,mia,2018,0
SmitMa04,Maurice Smith,mia,2018,0
SmytDu00,Durham Smythe,mia,2018,0
SpaiMa00,Martrell Spaight,mia,2018,0
SpenAk00,Akeem Spence,mia,2018,6
SterZa00,Zach Sterup,mia,2018,1
StilKe00,Kenny Stills,mia,2018,4
SwanTr00,Travis Swanson,mia,2018,4
TankCo00,Cordrea Tankersley,mia,2018,0
TannRy00,Ryan Tannehill,mia,2018,6
TaylVi00,Vincent Taylor,mia,2018,1
TunsLa00,Laremy Tunsil,mia,2018,6
WakeCa00,Cameron Wake,mia,2018,5
WillSy00,Sylvester Williams,mia,2018,1
WilsAl02,Albert Wilson,mia,2018,3
WoodJo00,Jonathan Woodard,mia,2018,1
YounSa21,Sam Young,mia,2018,1
AdenOl00,Olasunkanmi Adeniyi,pit,2018,0
AlleBr01,Brian Allen,pit,2018,0
AlleMa03,Marcus Allen,pit,2018,0
AluaTy99,Tyson Alualu,pit,2018,2
BerhNa00,Nat Berhe,pit,2018,0
BerrJo00,Jordan Berry,pit,2018,2
BostJo00,Jonathan Bostic,pit,2018,7
BoswCh00,Chris Boswell,pit,2018,0
BrowAn04,Antonio Brown,pit,2018,10
BurnMo99,Morgan Burnett,pit,2018,1
BurnAr00,Artie Burns,pit,2018,3
CanaKa00,Kameron Canaday,pit,2018,1
ChicAn00,Anthony Chickillo,pit,2018,2
ConnJa00,James Conner,pit,2018,10
DangJo00,Jordan Dangerfield,pit,2018,2
DaviSe00,Sean Davis,pit,2018,6
DeCaDa00,David DeCastro,pit,2018,9
DobbJo00,Joshua Dobbs,pit,2018,0
DuprAl00,Bud Dupree,pit,2018,8
EdmuTe00,Terrell Edmunds,pit,2018,6
EdmuTr00,Trey Edmunds,pit,2018,0
FeilMa00,Matt Feiler,pit,2018,5
FinnB.01,B.J. Finney,pit,2018,2
FortL.00,L.J. Fort,pit,2018,3
FostRa21,Ramon Foster,pit,2018,8
GilbMa00,Marcus Gilbert,pit,2018,2
GrimXa00,Xavier Grimble,pit,2018,1
HadeJo99,Joe Haden,pit,2018,6
HargJa00,Javon Hargrave,pit,2018,8
HeywCa01,Cameron Heyward,pit,2018,11
HeywDa00,Darrius Heyward-Bey,pit,2018,0
HiltMi01,Mike Hilton,pit,2018,2
HuntJu00,Justin Hunter,pit,2018,0
JameJe00,Jesse James,pit,2018,3
MataTy00,Tyler Matakevich,pit,2018,2
McCrMa00,Matthew McCrane,pit,2018,0
McCuDa00,Daniel McCullers,pit,2018,2
McDoVa00,Vance McDonald,pit,2018,5
NixxRo01,Roosevelt Nix,pit,2018,0
OkorCh00,Chukwuma Okorafor,pit,2018,2
PounMa20,Maurkice Pouncey,pit,2018,12
RidlSt00,Stevan Ridley,pit,2018,1
RoetBe00,Ben Roethlisberger,pit,2018,14
RogeEl00,Eli Rogers,pit,2018,1
SamuJa00,Jaylen Samuels,pit,2018,3
SensCo00,Coty Sensabaugh,pit,2018,4
SmitJu00,JuJu Smith-Schuster,pit,2018,11
SuttCa00,Cameron Sutton,pit,2018,1
SwitRy00,Ryan Switzer,pit,2018,2
ThomMa00,Matthew Thomas,pit,2018,1
TuitSt00,Stephon Tuitt,pit,2018,7
VillAl00,Alejandro Villanueva,pit,2018,10
WaltLe00,Leterrius Walton,pit,2018,0
WashJa00,James Washington,pit,2018,2
WattT.00,T.J. Watt,pit,2018,11
WillVi01,Vince Williams,pit,2018,8
AdamJo03,Josh Adams,phi,2018,3
AghoNe00,Nelson Agholor,phi,2018,6
AikeKa00,Kamar Aiken,phi,2018,0
AjayJa00,Jay Ajayi,phi,2018,1
AlexD.00,D.J. Alexander,phi,2018,1
BarnDe01,Derek Barnett,phi,2018,3
BausDe00,De'Vante Bausby,phi,2018,1
BellB.00,B.J. Bello,phi,2018,0
BennMi99,Michael Bennett,phi,2018,6
BradNi00,Nigel Bradham,phi,2018,7
BrooBr00,Brandon Brooks,phi,2018,10
CartDe02,DeAndre Carter,phi,2018,0
ClemCo00,Corey Clement,phi,2018,3
CoxxFl00,Fletcher Cox,phi,2018,16
DarbRo00,Ronald Darby,phi,2018,3
DougRa00,Rasul Douglas,phi,2018,3
ElliJa03,Jake Elliott,phi,2018,3
ErtzZa00,Zach Ertz,phi,2018,9
FoleNi00,Nick Foles,phi,2018,4
GerrNa00,Nathan Gerry,phi,2018,3
GibsSh00,Shelton Gibson,phi,2018,0
GoedDa00,Dallas Goedert,phi,2018,2
GrahBr99,Brandon Graham,phi,2018,8
GrahCo99,Corey Graham,phi,2018,4
GrugKa00,Kamu Grugier-Hill,phi,2018,5
HallDa01,Daeshon Hall,phi,2018,0
HallDe02,Deiondre' Hall,phi,2018,1
HawkJo00,Josh Hawkins,phi,2018,0
HectBr00,Bruce Hector,phi,2018,1
HestTr00,Treyvon Hester,phi,2018,1
HickJo00,Jordan Hicks,phi,2018,6
JeffAl00,Alshon Jeffery,phi,2018,6
JenkMa99,Malcolm Jenkins,phi,2018,8
JernTi00,Timmy Jernigan,phi,2018,1
JohnLa01,Lane Johnson,phi,2018,9
JohnCa02,Cameron Johnston,phi,2018,3
JoneSi00,Sidney Jones,phi,2018,2
KelcJa00,Jason Kelce,phi,2018,14
LeBlCr01,Cre'von LeBlanc,phi,2018,2
LongCh99,Chris Long,phi,2018,2
LovaRi00,Rick Lovato,phi,2018,1
MaddAv00,Avonte Maddox,phi,2018,4
MattJo00,Jordan Matthews,phi,2018,2
McDoDe00,Dexter McDougle,phi,2018,0
McGiT.00,T.Y. McGill,phi,2018,0
McLeRo00,Rodney McLeod,phi,2018,1
MillJa02,Jalen Mills,phi,2018,3
NgatHa20,Haloti Ngata,phi,2018,4
PerkJo02,Joshua Perkins,phi,2018,0
PeteJa21,Jason Peters,phi,2018,7
ReynLa00,LaRoy Reynolds,phi,2018,1
RodgRi00,Richard Rodgers,phi,2018,0
ScotBo02,Boston Scott,phi,2018,0
SeumIs00,Isaac Seumalo,phi,2018,4
SmalWe00,Wendell Smallwood,phi,2018,4
SproDa00,Darren Sproles,phi,2018,2
SudfNa00,Nate Sudfeld,phi,2018,0
SullCh00,Chandon Sullivan,phi,2018,1
SullTr01,Tre Sullivan,phi,2018,1
SweaJo00,Josh Sweat,phi,2018,1
TateGo00,Golden Tate,phi,2018,2
VaeaDe01,Destiny Vaeao,phi,2018,1
VaitHa00,Halapoulivaati Vaitai,phi,2018,2
WallMi00,Mike Wallace,phi,2018,0
WarmCh00,Chance Warmack,phi,2018,1
WentCa00,Carson Wentz,phi,2018,9
WheaMa00,Markus Wheaton,phi,2018,0
WisnSt01,Stefen Wisniewski,phi,2018,4
AdamDa01,Davante Adams,gnb,2018,10
AdamMo00,Montravius Adams,gnb,2018,2
AlexJa00,Jaire Alexander,gnb,2018,5
AlliGe01,Geronimo Allison,gnb,2018,2
BakhDa00,David Bakhtiari,gnb,2018,14
BellBy00,Byron Bell,gnb,2018,4
BibbKa00,Kapri Bibbs,gnb,2018,0
BradHu00,Hunter Bradley,gnb,2018,1
BreeBa00,Bashaud Breeland,gnb,2018,3
BricKe00,Kentrell Brice,gnb,2018,4
BrowFa00,Fadol Brown,gnb,2018,0
BrowTo01,Tony Brown,gnb,2018,1
BulaBr20,Bryan Bulaga,gnb,2018,6
BurkOr00,Oren Burks,gnb,2018,3
CampIb00,Ibraheim Campbell,gnb,2018,0
CarsTr01,Tra Carson,gnb,2018,0
ClarKe01,Kenny Clark,gnb,2018,8
ClinHa00,Ha Ha Clinton-Dix,gnb,2018,3
CobbRa00,Randall Cobb,gnb,2018,3
ColeLa02,Lavon Coleman,gnb,2018,0
CrawJa01,James Crawford,gnb,2018,2
CrosMa20,Mason Crosby,gnb,2018,3
DaniMi00,Mike Daniels,gnb,2018,4
DaviTr03,Trevor Davis,gnb,2018,0
FackKy00,Kyler Fackrell,gnb,2018,5
GilbRe01,Reggie Gilbert,gnb,2018,2
GrahJi00,Jimmy Graham,gnb,2018,5
GreeRa02,Raven Greene,gnb,2018,1
HousDa00,Davon House,gnb,2018,0
JackDa01,Darius Jackson,gnb,2018,0
JackJo01,Josh Jackson,gnb,2018,4
JameNa00,Natrell Jamerson,gnb,2018,0
JoneAa00,Aaron Jones,gnb,2018,6
JoneJo06,Josh Jones,gnb,2018,2
KendLa00,Lance Kendricks,gnb,2018,1
KingKe01,Kevin King,gnb,2018,2
KizeDe00,DeShone Kizer,gnb,2018,1
KumeJa00,Jake Kumerow,gnb,2018,1
LancTy00,Tyler Lancaster,gnb,2018,3
LazaAl00,Allen Lazard,gnb,2018,0
LewiMa00,Marcedes Lewis,gnb,2018,0
LighAl00,Alex Light,gnb,2018,0
LinsCo00,Corey Linsley,gnb,2018,7
LoonJa00,James Looney,gnb,2018,0
LowrDe00,Dean Lowry,gnb,2018,5
MartBl01,Blake Martinez,gnb,2018,9
MattCl99,Clay Matthews,gnb,2018,7
McCrJu00,Justin McCray,gnb,2018,3
MontTy01,Ty Montgomery,gnb,2018,2
MoorJM00,J'Mon Moore,gnb,2018,0
MorrAn01,Antonio Morrison,gnb,2018,4
PankAd00,Adam Pankey,gnb,2018,0
PatrLu00,Lucas Patrick,gnb,2018,3
PerrNi00,Nick Perry,gnb,2018,4
PleaEd00,Eddie Pleasant,gnb,2018,1
RedmWi00,Will Redmond,gnb,2018,0
RodgAa00,Aaron Rodgers,gnb,2018,13
ScotJK00,JK Scott,gnb,2018,2
SpriJa00,Jason Spriggs,gnb,2018,2
St.BEq00,Equanimeous St. Brown,gnb,2018,2
TaylLa01,Lane Taylor,gnb,2018,7
TonyRo00,Robert Tonyan,gnb,2018,1
ToomKo00,Korey Toomer,gnb,2018,1
ValdMa00,Marquez Valdes-Scantling,gnb,2018,4
VitaDa00,Danny Vitale,gnb,2018,0
WhitJe02,Jermaine Whitehead,gnb,2018,1
WilkMu00,Muhammad Wilkerson,gnb,2018,1
WillJa06,Jamaal Williams,gnb,2018,4
WillTr99,Tramon Williams,gnb,2018,6
AchoSa00,Sam Acho,chi,2018,0
AmosAd00,Adrian Amos,chi,2018,6
AmukPr00,Prince Amukamara,chi,2018,6
BellJo02,Josh Bellamy,chi,2018,1
BrauBe00,Ben Braunecker,chi,2018,0
BrowDa04,Daniel Brown,chi,2018,0
BullJo00,Jonathan Bullard,chi,2018,2
BurtMi00,Michael Burton,chi,2018,0
BurtTr01,Trey Burton,chi,2018,5
BushDe00,Deon Bush,chi,2018,1
CallBr00,Bryce Callahan,chi,2018,4
CoheTa00,Tarik Cohen,chi,2018,10
CoopMa00,Marcus Cooper,chi,2018,0
CunnBe01,Benny Cunningham,chi,2018,0
DaniCh00,Chase Daniel,chi,2018,2
DaniJa01,James Daniels,chi,2018,5
FittKy00,Kylie Fitts,chi,2018,0
FloyLe00,Leonard Floyd,chi,2018,9
FullKy00,Kyle Fuller,chi,2018,16
GabrTa00,Taylor Gabriel,chi,2018,7
GoldEd00,Eddie Goldman,chi,2018,9
HickAk00,Akiem Hicks,chi,2018,13
HousDe00,DeAndre Houston-Carson,chi,2018,1
HowaJo00,Jordan Howard,chi,2018,7
IrviIs00,Isaiah Irving,chi,2018,1
IyieJo00,Joel Iyiegbuniwe,chi,2018,1
JackEd01,Eddie Jackson,chi,2018,13
KushEr00,Eric Kush,chi,2018,4
KwiaNi00,Nick Kwiatkoski,chi,2018,2
LenoCh00,Charles Leno Jr.,chi,2018,9
LongKy00,Kyle Long,chi,2018,4
LyncAa00,Aaron Lynch,chi,2018,3
MackKh00,Khalil Mack,chi,2018,17
MassBo00,Bobby Massie,chi,2018,7
McMaSh99,Sherrick McManis,chi,2018,1
MillAn02,Anthony Miller,chi,2018,4
MizzTa00,Taquan Mizzell,chi,2018,1
NichBi00,Bilal Nichols,chi,2018,5
ODonPa00,Pat O'Donnell,chi,2018,2
ParkCo03,Cody Parkey,chi,2018,1
RobeRo00,Roy Robertson-Harris,chi,2018,2
RobiAl02,Allen Robinson,chi,2018,7
ScalPa00,Patrick Scales,chi,2018,1
ShahAd00,Adam Shaheen,chi,2018,0
SimsDi00,Dion Sims,chi,2018,0
SmitRo07,Roquan Smith,chi,2018,9
SoweBr00,Bradley Sowell,chi,2018,2
ToliKe00,Kevin Toliver,chi,2018,1
TrevDa00,Danny Trevathan,chi,2018,10
TrubMi00,Mitchell Trubisky,chi,2018,13
WhitKe00,Kevin White,chi,2018,1
WhitCo03,Cody Whitehair,chi,2018,9
WillMa03,Marcus Williams,chi,2018,0
WillNi01,Nick Williams,chi,2018,0
WimsJa00,Javon Wims,chi,2018,0
WitzBr00,Bryan Witzmann,chi,2018,3
ArmsDo00,Dorance Armstrong Jr.,dal,2018,2
AustTa00,Tavon Austin,dal,2018,2
AwuzCh00,Chidobe Awuzie,dal,2018,5
BeasCo00,Cole Beasley,dal,2018,6
BrowAn02,Anthony Brown,dal,2018,4
BrowNo00,Noah Brown,dal,2018,0
ButlBr00,Brice Butler,dal,2018,0
CampIb00,Ibraheim Campbell,dal,2018,0
CharTa00,Taco Charlton,dal,2018,4
CollLa01,La'el Collins,dal,2018,7
CollMa00,Maliek Collins,dal,2018,5
CoopAm00,Amari Cooper,dal,2018,6
CoviCh01,Chris Covington,dal,2018,0
CrawTy00,Tyrone Crawford,dal,2018,7
DecoTr00,Treston Decoud,dal,2018,0
ElliEz00,Ezekiel Elliott,dal,2018,15
FlemCa00,Cameron Fleming,dal,2018,2
FrazKa00,Kavon Frazier,dal,2018,1
GallMi00,Michael Gallup,dal,2018,4
GathRi00,Rico Gathers,dal,2018,0
GoodC.00,C.J. Goodwin,dal,2018,0
GregRa00,Randy Gregory,dal,2018,3
HeatJe00,Jeff Heath,dal,2018,5
HurnAl01,Allen Hurns,dal,2018,3
IrviDa00,David Irving,dal,2018,0
JackDa01,Darius Jackson,dal,2018,0
JarwBl00,Blake Jarwin,dal,2018,3
JoneBy00,Byron Jones,dal,2018,11
JoneCh02,Chris Jones,dal,2018,2
JoneDa03,Datone Jones,dal,2018,0
LadoL.20,L.P. Ladouceur,dal,2018,1
LawrDe00,DeMarcus Lawrence,dal,2018,11
LeexSe99,Sean Lee,dal,2018,3
LenoLa00,Lance Lenoir,dal,2018,0
LewiJo01,Jourdan Lewis,dal,2018,2
LoonJo01,Joe Looney,dal,2018,7
MaheBr01,Brett Maher,dal,2018,3
MarcJu00,Justin March,dal,2018,1
MartZa00,Zack Martin,dal,2018,11
OlawJa00,Jamize Olawale,dal,2018,0
PresDa01,Dak Prescott,dal,2018,14
RedmAd00,Adam Redmond,dal,2018,1
ReidCa00,Caraun Reid,dal,2018,1
RingCh00,Christian Ringo,dal,2018,0
RossDa02,Daniel Ross,dal,2018,1
RushCo00,Cooper Rush,dal,2018,0
SchuDa00,Dalton Schultz,dal,2018,1
SmitJa05,Jaylon Smith,dal,2018,9
SmitRo06,Rod Smith,dal,2018,1
SmitTy00,Tyron Smith,dal,2018,7
Sua-Xa00,Xavier Su'a-Filo,dal,2018,3
SwaiGe00,Geoff Swaim,dal,2018,2
ThomJo04,Joe Thomas,dal,2018,1
ThomDa05,Darian Thompson,dal,2018,1
ThomDe04,Deonte Thompson,dal,2018,1
VandLe00,Leighton Vander Esch,dal,2018,11
WillCo00,Connor Williams,dal,2018,4
WillTe01,Terrance Williams,dal,2018,0
WilsDa02,Damien Wilson,dal,2018,4
WoodAn02,Antwaun Woods,dal,2018,7
WoodXa00,Xavier Woods,dal,2018,5
AbouOd00,Oday Aboushi,crd,2018,2
AmerDa00,David Amerson,crd,2018,2
ArmbTh00,Thurston Armbrister,crd,2018,0
BakeBu00,Budda Baker,crd,2018,5
BarkJo00,Joe Barksdale,crd,2018,1
BenwBe00,Bene Benwikere,crd,2018,3
BethAn20,Antoine Bethea,crd,2018,5
BostTr00,Tre Boston,crd,2018,5
BradSa00,Sam Bradford,crd,2018,1
BrewAa00,Aaron Brewer,crd,2018,1
BucaDe00,Deone Bucannon,crd,2018,6
ByneJo00,Josh Bynes,crd,2018,6
ClauBl01,Blaine Clausell,crd,2018,0
ColeMa02,Mason Cole,crd,2018,4
ColeDe00,Derrick Coleman,crd,2018,0
CoopPh00,Pharoh Cooper,crd,2018,0
CunnKo00,Korey Cunningham,crd,2018,2
DaniDa02,Darrell Daniels,crd,2018,0
dawsophi01,Phil Dawson,crd,2018,1
DoraVo00,Vontarrius Dora,crd,2018,0
DuprMa01,Malachi Dupre,crd,2018,0
EdmoCh00,Chase Edmonds,crd,2018,2
FitzLa00,Larry Fitzgerald,crd,2018,5
FordRu00,Rudy Ford,crd,2018,1
GardDe01,Dennis Gardeck,crd,2018,1
GlenMi00,Mike Glennon,crd,2018,0
GoldMa00,Markus Golden,crd,2018,5
GoldZa00,Zack Golditch,crd,2018,0
GonzZa00,Zane Gonzalez,crd,2018,1
GossCo00,Colby Gossett,crd,2018,1
GresJe00,Jermaine Gresham,crd,2018,1
GuntRo00,Rodney Gunter,crd,2018,5
HodgGe00,Gerald Hodges,crd,2018,4
HoldWi00,Will Holden,crd,2018,1
HolmGa00,Gabe Holmes,crd,2018,0
HumpD.00,D.J. Humphries,crd,2018,3
IupaMi20,Mike Iupati,crd,2018,3
JohnDa08,David Johnson,crd,2018,6
JohnLe03,Leonard Johnson,crd,2018,1
JoneCh03,Chandler Jones,crd,2018,8
JoneCh06,Chris Jones,crd,2018,0
KirkCh01,Christian Kirk,crd,2018,4
LeexAn20,Andy Lee,crd,2018,4
LogaT.00,T.J. Logan,crd,2018,0
MalvCa00,Cameron Malveaux,crd,2018,0
MayoBe00,Benson Mayowa,crd,2018,4
McCrMa00,Matthew McCrane,crd,2018,0
MoorZa00,Zach Moore,crd,2018,2
MunyDa00,Daniel Munyer,crd,2018,1
NelsJJ00,JJ Nelson,crd,2018,0
NichDe00,Deatrick Nichols,crd,2018,0
NkemRo00,Robert Nkemdiche,crd,2018,4
OdenIf00,Ifeadi Odenigbo,crd,2018,0
OdhiRe00,Rees Odhiambo,crd,2018,0
PeteCo00,Corey Peters,crd,2018,7
PetePa00,Patrick Peterson,crd,2018,9
PhilJo00,John Phillips,crd,2018,0
PierOl00,Olsen Pierre,crd,2018,1
PleaEd00,Eddie Pleasant,crd,2018,0
PughJu00,Justin Pugh,crd,2018,2
ReddHa00,Haason Reddick,crd,2018,6
RoseJo01,Josh Rosen,crd,2018,2
SealRi00,Ricky Seals-Jones,crd,2018,2
SherTr00,Trent Sherfield,crd,2018,1
SmitAn23,Andre Smith,crd,2018,3
SmitGa01,Garrison Smith,crd,2018,0
SmitJa01,Jacquies Smith,crd,2018,0
TasiPa00,Pasoni Tasini,crd,2018,0
TaylJa01,Jamar Taylor,crd,2018,1
TollJa00,Jalen Tolliver,crd,2018,0
TurnZe00,Zeke Turner,crd,2018,3
ValeVi00,Vincent Valentine,crd,2018,0
VujnJe00,Jeremy Vujnovich,crd,2018,1
WalkJo01,Joe Walker,crd,2018,1
WetzJo00,John Wetzel,crd,2018,2
WillBr07,Brandon Williams,crd,2018,1
WillCh05,Chad Williams,crd,2018,1
AddaJa00,Jahleel Addae,sdg,2018,6
AlleKe00,Keenan Allen,sdg,2018,12
BadgMi00,Michael Badgley,sdg,2018,3
BarkJo00,Joe Barksdale,sdg,2018,1
BenjTr00,Travis Benjamin,sdg,2018,2
BosaJo00,Joey Bosa,sdg,2018,4
BrowJa05,Jatavis Brown,sdg,2018,5
CulkSe00,Sean Culkin,sdg,2018,0
DaviGe00,Geremy Davis,sdg,2018,0
DaviMi03,Michael Davis,sdg,2018,3
DzubNi00,Nick Dzubnar,sdg,2018,1
EkelAu00,Austin Ekeler,sdg,2018,8
ElleEm00,Emmanuel Ellerbee,sdg,2018,0
EmanKy00,Kyle Emanuel,sdg,2018,4
FacyBr00,Brandon Facyson,sdg,2018,1
FeenDa00,Dan Feeney,sdg,2018,9
GateAn00,Antonio Gates,sdg,2018,3
GordMe00,Melvin Gordon,sdg,2018,11
GreeVi00,Virgil Green,sdg,2018,2
HaywCa00,Casey Hayward,sdg,2018,5
HenrHu00,Hunter Henry,sdg,2018,0
IngrMe00,Melvin Ingram,sdg,2018,11
JackJu01,Justin Jackson,sdg,2018,3
JameDe00,Derwin James,sdg,2018,10
JenkRa00,Rayshawn Jenkins,sdg,2018,1
JohnTr07,Tre'von Johnson,sdg,2018,0
JoneDo21,Donnie Jones,sdg,2018,1
JoneJJ00,JJ Jones,sdg,2018,0
JoneJu03,Justin Jones,sdg,2018,1
KaseDr00,Drew Kaser,sdg,2018,0
KingDe01,Desmond King,sdg,2018,9
LampFo00,Forrest Lamp,sdg,2018,0
LandCh00,Chris Landrum,sdg,2018,1
LiugCo00,Corey Liuget,sdg,2018,2
MageCr00,Craig Mager,sdg,2018,0
McGiT.00,T.Y. McGill,sdg,2018,0
MebaBr99,Brandon Mebane,sdg,2018,6
NewsDe00,Detrez Newsome,sdg,2018,1
NwosUc00,Uchenna Nwosu,sdg,2018,3
OkunRu20,Russell Okung,sdg,2018,8
PerrDe00,Denzel Perryman,sdg,2018,4
PhilAd00,Adrian Phillips,sdg,2018,9
PhilDa01,Darius Philon,sdg,2018,6
PounMi00,Mike Pouncey,sdg,2018,11
PullHa00,Hayes Pullard,sdg,2018,1
QuesSc00,Scott Quessenberry,sdg,2018,1
RichJe02,Jeff Richards,sdg,2018,0
RivePh00,Philip Rivers,sdg,2018,14
RochIs00,Isaac Rochell,sdg,2018,3
RoseNi00,Nick Rose,sdg,2018,0
SchoMi00,Michael Schofield,sdg,2018,9
ScotTr01,Trenton Scott,sdg,2018,1
SmitGe00,Geno Smith,sdg,2018,0
SquaDa00,Damion Square,sdg,2018,5
SturCa00,Caleb Sturgis,sdg,2018,-1
TeviSa00,Sam Tevi,sdg,2018,8
ToneCo00,Cole Toner,sdg,2018,0
WattDe00,Derek Watt,sdg,2018,0
WhitKy00,Kyzir White,sdg,2018,3
WillMi07,Mike Williams,sdg,2018,6
WillTr05,Trevor Williams,sdg,2018,3
WillTy00,Tyrell Williams,sdg,2018,6
WilsKy00,Kyle Wilson,sdg,2018,0
WindMi00,Mike Windt,sdg,2018,1
AlexMa00,Maurice Alexander,sea,2018,1
BaldDo00,Doug Baldwin,sea,2018,6
BritJu00,Justin Britt,sea,2018,8
BrowDu20,Duane Brown,sea,2018,13
BrowJa03,Jaron Brown,sea,2018,2
CaliAu00,Austin Calitro,sea,2018,4
CarsCh00,Chris Carson,sea,2018,9
ClarFr01,Frank Clark,sea,2018,10
ColeJu01,Justin Coleman,sea,2018,3
DaniDa02,Darrell Daniels,sea,2018,0
DaviMi01,Mike Davis,sea,2018,5
DickEd00,Ed Dickson,sea,2018,1
DickMi00,Michael Dickson,sea,2018,3
DissWi00,Will Dissly,sea,2018,1
ElleEm00,Emmanuel Ellerbee,sea,2018,0
FantGe00,George Fant,sea,2018,5
FlowTr01,Tre Flowers,sea,2018,6
FlukDJ00,D.J. Fluker,sea,2018,5
FordPo00,Poona Ford,sea,2018,2
GracJe00,Jermaine Grace,sea,2018,0
GreeRa01,Rasheem Green,sea,2018,1
GrifSh01,Shaquem Griffin,sea,2018,2
GrifSh00,Shaquill Griffin,sea,2018,6
HillDe02,Lano Hill,sea,2018,2
HuntJo00,Joey Hunt,sea,2018,2
IfedGe00,Germain Ifedi,sea,2018,8
JackBr04,Branden Jackson,sea,2018,1
janikseb01,Sebastian Janikowski,sea,2018,3
JeffQu00,Quinton Jefferson,sea,2018,6
JohnTo01,Tom Johnson,sea,2018,0
JoneNa00,Nazair Jones,sea,2018,1
JordDi00,Dion Jordan,sea,2018,3
KendMy00,Mychal Kendricks,sea,2018,2
KingAk00,Akeem King,sea,2018,1
LockTy00,Tyler Lockett,sea,2018,10
LuanSh00,Shalom Luani,sea,2018,1
MaddTr01,Tre Madden,sea,2018,0
MarsBr00,Brandon Marshall,sea,2018,1
MartJa02,Jacob Martin,sea,2018,2
McDoBr01,Bradley McDougald,sea,2018,7
McKiJ.00,J.D. McKissic,sea,2018,0
MingBa00,Barkevious Mingo,sea,2018,7
MoorDa03,David Moore,sea,2018,4
NkanEl00,Elijah Nkansah,sea,2018,0
OttxTy00,Tyler Ott,sea,2018,1
PennRa00,Rashaad Penny,sea,2018,4
PociEt00,Ethan Pocic,sea,2018,3
ProsC.00,C.J. Prosise,sea,2018,0
ReedJa02,Jarran Reed,sea,2018,9
ReynKe00,Keenan Reynolds,sea,2018,0
SimmJo00,Jordan Simmons,sea,2018,2
StepSh00,Shamar Stephen,sea,2018,7
SweeJ.00,J.R. Sweezy,sea,2018,8
SwooTy00,Tyrone Swoopes,sea,2018,0
ThomEa99,Earl Thomas,sea,2018,2
ThomTe00,Tedric Thompson,sea,2018,4
ThorNe00,Neiko Thorpe,sea,2018,1
TurnMa00,Malik Turner,sea,2018,0
VannNi00,Nick Vannett,sea,2018,3
WagnBo00,Bobby Wagner,sea,2018,17
WilsRu00,Russell Wilson,sea,2018,14
WrigK.00,K.J. Wright,sea,2018,2
AtemMa00,Marcell Ateman,rai,2018,1
BenwBe00,Bene Benwikere,rai,2018,0
BlacSa00,Saeed Blacknall,rai,2018,0
BrowFa00,Fadol Brown,rai,2018,1
BryaMa00,Martavis Bryant,rai,2018,2
CabiJa00,Jason Cabinda,rai,2018,2
CalhSh00,Shilique Calhoun,rai,2018,0
CarlDa00,Daniel Carlson,rai,2018,3
CarrDe02,Derek Carr,rai,2018,11
CarrCo00,Tank Carradine,rai,2018,0
CarrDe00,Derek Carrier,rai,2018,1
ClemT.00,T.J. Clemmings,rai,2018,0
ConlGa00,Gareon Conley,rai,2018,5
CookJa02,Jared Cook,rai,2018,7
CoopAm00,Amari Cooper,rai,2018,2
DePaAn00,Andrew DePaola,rai,2018,0
EalyKo00,Kony Ealy,rai,2018,0
ElliJu01,Justin Ellis,rai,2018,1
FeliJo00,Jon Feliciano,rai,2018,2
GaffRi00,Rico Gafford,rai,2018,0
GilcMa00,Marcus Gilchrist,rai,2018,5
GoodDe01,Denzelle Good,rai,2018,1
GreeCh02,Chaz Green,rai,2018,1
HallLe98,Leon Hall,rai,2018,1
HallP.00,P.J. Hall,rai,2018,3
HankJo00,Johnathan Hankins,rai,2018,6
HarrDw00,Dwayne Harris,rai,2018,1
HarrEr00,Erik Harris,rai,2018,2
HatcKe00,Keon Hatcher,rai,2018,0
HoltJo00,Johnny Holton,rai,2018,0
HudsRo00,Rodney Hudson,rai,2018,6
HursMa00,Maurice Hurst Jr.,rai,2018,4
IrviBr00,Bruce Irvin,rai,2018,2
JackGa00,Gabe Jackson,rai,2018,5
JohnDe25,Derrick Johnson,rai,2018,1
JoseKa00,Karl Joseph,rai,2018,3
KeyxAr00,Arden Key,rai,2018,4
KirkDe00,Denver Kirkland,rai,2018,0
LaFeBr00,Brandon LaFell,rai,2018,1
LamuEm00,Emmanuel Lamur,rai,2018,2
LeavDa00,Dallin Leavitt,rai,2018,0
LeexMa01,Marquel Lee,rai,2018,4
LyncMa00,Marshawn Lynch,rai,2018,3
MartDo00,Doug Martin,rai,2018,5
McCaA.00,A.J. McCarron,rai,2018,0
McCrMa00,Matthew McCrane,rai,2018,-1
McDoCl99,Clinton McDonald,rai,2018,2
MelvRa00,Rashaan Melvin,rai,2018,3
MillKo00,Kolton Miller,rai,2018,6
MoorDa01,Damontre Moore,rai,2018,0
MorrNi00,Nicholas Morrow,rai,2018,3
MurrJu00,Justin Murray,rai,2018,0
NelsJo00,Jordy Nelson,rai,2018,6
NelsNi00,Nick Nelson,rai,2018,1
NelsRe99,Reggie Nelson,rai,2018,3
nugenmik01,Mike Nugent,rai,2018,1
OsemKe00,Kelechi Osemele,rai,2018,4
ParkBr01,Brandon Parker,rai,2018,4
PennDo20,Donald Penn,rai,2018,1
PricBr00,Brian Price,rai,2018,0
RichJa01,Jalen Richard,rai,2018,6
RobeSe00,Seth Roberts,rai,2018,4
RodgDo99,Dominique Rodgers-Cromartie,rai,2018,1
RuckFr99,Frostee Rucker,rai,2018,5
SharDa02,David Sharpe,rai,2018,0
SiegTr00,Trent Sieg,rai,2018,1
SilbIa00,Ian Silberman,rai,2018,0
SmitJa01,Jacquies Smith,rai,2018,0
SmitKe03,Keith Smith,rai,2018,2
SmitLe00,Lee Smith,rai,2018,1
TownJo01,Johnny Townsend,rai,2018,2
WallDa01,Darren Waller,rai,2018,1
WashDe00,DeAndre Washington,rai,2018,1
WhitTa00,Tahir Whitehead,rai,2018,7
WilbKy00,Kyle Wilber,rai,2018,1
WorlDa00,Daryl Worley,rai,2018,3
WrigGa00,Gabe Wright,rai,2018,0
